-- phpMyAdmin SQL Dump
-- version 5.0.2
-- https://www.phpmyadmin.net/
--
-- Host: 127.0.0.1
-- Generation Time: Mar 02, 2024 at 08:26 AM
-- Server version: 10.4.11-MariaDB
-- PHP Version: 7.4.5

SET SQL_MODE = "NO_AUTO_VALUE_ON_ZERO";
START TRANSACTION;
SET time_zone = "+00:00";


/*!40101 SET @OLD_CHARACTER_SET_CLIENT=@@CHARACTER_SET_CLIENT */;
/*!40101 SET @OLD_CHARACTER_SET_RESULTS=@@CHARACTER_SET_RESULTS */;
/*!40101 SET @OLD_COLLATION_CONNECTION=@@COLLATION_CONNECTION */;
/*!40101 SET NAMES utf8mb4 */;

--
-- Database: `db_perdagangan`
--

-- --------------------------------------------------------

--
-- Table structure for table `ci_sessions`
--

CREATE TABLE `ci_sessions` (
  `id` varchar(128) NOT NULL,
  `ip_address` varchar(45) NOT NULL,
  `timestamp` int(10) UNSIGNED NOT NULL DEFAULT 0,
  `data` blob NOT NULL
) ENGINE=InnoDB DEFAULT CHARSET=utf8mb4;

--
-- Dumping data for table `ci_sessions`
--

INSERT INTO `ci_sessions` (`id`, `ip_address`, `timestamp`, `data`) VALUES
('nh3ij38t02efquo45cf2fudj43v8msu1', '::1', 1708438094, 0x5f5f63695f6c6173745f726567656e65726174657c693a313730383433383039343b7265646972656374696f6e7c4e3b),
('cubtfmh0lp8rc4m3stmqdhveh9cmdvp1', '::1', 1708438633, 0x5f5f63695f6c6173745f726567656e65726174657c693a313730383433383633333b7265646972656374696f6e7c4e3b),
('ipr3idrgjdligp6gam9to9pgo9td64od', '::1', 1708438971, 0x5f5f63695f6c6173745f726567656e65726174657c693a313730383433383937313b7265646972656374696f6e7c4e3b),
('fr0q0bsd6v4bbto3h3phfnipsfrai777', '::1', 1708439438, 0x5f5f63695f6c6173745f726567656e65726174657c693a313730383433393433383b7265646972656374696f6e7c4e3b),
('6esuqp3c46uv47q6gu74kdk18g952bo0', '::1', 1708439937, 0x5f5f63695f6c6173745f726567656e65726174657c693a313730383433393933373b7265646972656374696f6e7c4e3b),
('5madaeosvo5l026lmue134k794f3a9h6', '::1', 1708440263, 0x5f5f63695f6c6173745f726567656e65726174657c693a313730383434303236333b7265646972656374696f6e7c4e3b),
('qp4ll9jolbbk1b9eaithth6bif8ddmvj', '::1', 1708440701, 0x5f5f63695f6c6173745f726567656e65726174657c693a313730383434303730313b7265646972656374696f6e7c4e3b5f5f4143544956455f53455353494f4e5f444154417c733a3330303a226638343763356362376165383836386537383561346161333337616134386432636262356666626163306465626163616338623032316637636565636132326631343738386462636134666561383634613137353636366539613066366235323139656665303738623534343435663132326232633537626339353633363134337968573249616b7564573750754a535a7275444d734d33647158506a334f314a42696f54657a58736e383853536c636a547570704a7a554548387158652b335a5039536e38304e45737838487833714b42312f684859794f4b2b4e676a776677787373356e444730734f3443462b6a525638684d77754572576f4b61704378767057335a386e706b767576416139554955685235485767794f526d73634d56755638484e6a5a447670773d223b),
('0dqmp35j5qkcuubot6q4lkrsm8p6k5g9', '::1', 1708441039, 0x5f5f63695f6c6173745f726567656e65726174657c693a313730383434313033393b7265646972656374696f6e7c4e3b5f5f4143544956455f53455353494f4e5f444154417c733a3330303a226135616632653931623637313865363536383564396536303632353630396631323638326563633863613531353865613433616631383139653938643330303932363536653764653065653266663463386265646264306263663739303034663366386131613661636533313638333939303033653638616462386262636434346b786f7673354842727434755033373234662b2b675962325177754e773841746357634377624b44516931614f494434316346585247444470542f4b68687443614b6842754f79486b337278636c545a3766706339314477554834506d37476d37416d6636523641743866786567786243534c3859425741484355506a774f686f35547a576f6c4a78304f356d46754c4b3862776c33444d3563634452712f4d732f77576a2f5368364d3d223b),
('39p2m9hll5rrtlau1ms7fkov99d5mrog', '::1', 1708441827, 0x5f5f63695f6c6173745f726567656e65726174657c693a313730383434313832373b7265646972656374696f6e7c4e3b5f5f4143544956455f53455353494f4e5f444154417c733a3330303a226133333739383035386533303538393236643732386430363731313062663631346165636139386432356162333830613335336338653465666461333064323366343236363332363035353937626438346362353538653463623362313466616535366237666262333730343936306361316666616636343833313530643531573967593930523766524e73796a46786267667249314751344163654d7565572b53655264534d4f51536e42736a47356566372f4b3574717a2f376c2f74534443566d6357652b5370666f542f2f57587765356d456976355330785a6b6e4674724378495a4249726c4a6d6a77586e616c67356b555449494b36506478504b5756754a6532447557757561476f412f2f42703144586e78552f544e6d51664b5a31716b6a7a43584e4f78733d223b),
('66igdef9clpgchhqlrg9p6gqucrddihd', '::1', 1708441444, 0x5f5f63695f6c6173745f726567656e65726174657c693a313730383434313434313b7265646972656374696f6e7c4e3b5f5f4143544956455f53455353494f4e5f444154417c733a3330303a22656364316434626164643164653933393035363734656234313632646562393935373332373336633430306364306666396238383631303461323335636631346134336663386534346265666239326631396330633865386563656462373332663838653266336431633034623837613235303433386536633566343939303865654a5066576b2b3276526157786f57345a4144504947716e3545616a783852444f76677a712f664736564b674e6a7536515364566f667958524664314e704a4b6c466e3948326c4d7045534e2f30734e542f6835476c724b7544783162373556766842636f534b7a6c50305234544c7271422b32534934714f4b35494d7541586d4d694f6c796f476c7a354c58342f754a6848625741426b766654646e4a502b7656346354764b3838343d223b),
('jddnhbnii01ldkfe6sipbel568rf2e20', '::1', 1708442200, 0x5f5f63695f6c6173745f726567656e65726174657c693a313730383434323230303b7265646972656374696f6e7c4e3b5f5f4143544956455f53455353494f4e5f444154417c733a3330303a2238666261633033346366613939366662343561643035323138313936366432666530333739616431633936663232393362666161303633343335613738333933346539623036363062343735663636383930336463356636376237623564333734653936643365636336353365363061313939393734336130326539326331643675735567437335355534383953674f70584c76623541346939487249566f6e767a5364387130526a486e6a3732327549504678494d744f436834514944557977327034334d66724c5339703241796a53502b6b377a4f646b616c2b417757694145666c35596f616b4c5a7652656f68363238636571342b536153533853304558747a7356397669434a614c6b4541516e4c68486f426c33716b4b63355239304a615056325879396b54773d223b),
('su01ffc32f9nsv6104pptn2f576s2hop', '::1', 1708442298, 0x5f5f63695f6c6173745f726567656e65726174657c693a313730383434323230303b7265646972656374696f6e7c4e3b5f5f4143544956455f53455353494f4e5f444154417c733a3330303a223431663831353033613661326465363134666338306565353733613334633665613535663133353337633661633666363634326135313237643133343761643931366638646231346134636463313933316466356330336430316331346562343036616635316535303930633537663463386266373664366639356638616164744576474977317841486255474d556f375a424c43563058554344554d2f5436335a6a714630584f6330742b393741704c614a5851417930716b773654496f43304a62474a4e38432b4e616b76574d4e446b4d7759422f37385474413142426a68346e32676c496445523441756f647734662b4e55436a455557356552765957344c4955323473385938394f5761624762384c764476646f6a44386541594768766f46664c746f6f5a2b773d223b),
('b0r53qsuog752v4tv3jgvkgosvm5gk7s', '::1', 1708611669, 0x5f5f63695f6c6173745f726567656e65726174657c693a313730383631313636393b7265646972656374696f6e7c4e3b6c6f67696e5f666c6173687c733a31363a22426572686173696c206c6f676f757421223b5f5f63695f766172737c613a313a7b733a31313a226c6f67696e5f666c617368223b733a333a226f6c64223b7d),
('s9v9e1444j0e8nkn9cfauosqevd15sfg', '::1', 1708612330, 0x5f5f63695f6c6173745f726567656e65726174657c693a313730383631323333303b7265646972656374696f6e7c4e3b),
('q916nbi0tk9mrh2b373gc4gdh625hr8p', '::1', 1708612925, 0x5f5f63695f6c6173745f726567656e65726174657c693a313730383631323932353b7265646972656374696f6e7c4e3b5f5f4143544956455f53455353494f4e5f444154417c733a3330303a22396465326636353665646633373536636135636133656263363661363066396332303238626134653866386465623466306662613833333462636430343730376230666532643639326235363834623631366439303936646630306466623835636137336666623536326361646265306432393134393639383530316336623075646b626234484b704f734a50666163347a71777359347851346550324c2b754c32556e4e32663950656870664d436c6e4e6963346b5278584563535830446a7435712b482b6c584a6e6d6554717366462f6663526a6d70386b362b305832515a47756b6a326775417767416d42434d62646d3766695475694f6568736853377934436266416569797258513679336868415a44475563444d4432564e2b7275544c4b302f49474677546b3d223b),
('hf9sape2ihe6u8v0596h0a74kod4g76m', '::1', 1708613252, 0x5f5f63695f6c6173745f726567656e65726174657c693a313730383631333235323b7265646972656374696f6e7c4e3b5f5f4143544956455f53455353494f4e5f444154417c733a3330303a2263383538656437656666346563303762396265643662366433663236316132393930306633613336386564333832396133303330636364363663376366333766393235316533363331663536366331333839323966646134303865383065666162666138646137396663336538663738373363656230356235636664656166654238636d4f75516f5a5353616e476232344e313454326146516d6c4456386e4c44436933464e4439783254673571563155797a67626e35725265744e524654634957415134782b6974742b64664175576f6263377a493376345a3876333576534f4d7771396e6e563033672b6972674f2f756f486455414c4c46372b714a344c3052795139574f6c596f552b6471504f37583138316657376f34664c584b7852477458714f5336575767773d223b),
('bn2sbkm8pa8v5ets29i04rnhc8rhu571', '::1', 1708613396, 0x5f5f63695f6c6173745f726567656e65726174657c693a313730383631333235323b7265646972656374696f6e7c4e3b6c6f67696e5f666c6173687c733a31363a22426572686173696c206c6f676f757421223b5f5f63695f766172737c613a313a7b733a31313a226c6f67696e5f666c617368223b733a333a226f6c64223b7d),
('q432f69mnn7damgi1re5dgk3i7h7bg2a', '::1', 1708916301, 0x5f5f63695f6c6173745f726567656e65726174657c693a313730383931363330313b7265646972656374696f6e7c4e3b5f5f4143544956455f53455353494f4e5f444154417c733a3330303a223833353666373538656436653762393639663434333336363136643239663363343537653230353363303830376432363461326363656362313366363062623564323363613766356362653431386233366632323438356264633130373031636337373037303337623066393230383037653863616263353534666665353765784e626c4d344e344375563436636a4f6b554633784e724e5571584471504447307157366f7a68774565504e72683356516a575a714b52567a6c38526a6379522b3665466a79663958662f3339612f435668335435633157375132536f307841672f3959556c52484e615579544835634d504c547833425a7a7975734e526539464230685a33546c54684f4235617741394a446f76726d4a4f5a434561626e6a62572f4d47734a6c632b6b3d223b),
('rjtr8940cl3gqmqeb3v9n4bqgkbkkaqe', '::1', 1708916674, 0x5f5f63695f6c6173745f726567656e65726174657c693a313730383931363637343b7265646972656374696f6e7c4e3b5f5f4143544956455f53455353494f4e5f444154417c733a3330303a223833353666373538656436653762393639663434333336363136643239663363343537653230353363303830376432363461326363656362313366363062623564323363613766356362653431386233366632323438356264633130373031636337373037303337623066393230383037653863616263353534666665353765784e626c4d344e344375563436636a4f6b554633784e724e5571584471504447307157366f7a68774565504e72683356516a575a714b52567a6c38526a6379522b3665466a79663958662f3339612f435668335435633157375132536f307841672f3959556c52484e615579544835634d504c547833425a7a7975734e526539464230685a33546c54684f4235617741394a446f76726d4a4f5a434561626e6a62572f4d47734a6c632b6b3d223b),
('aqu6iekgnjlmctlv90mgq2v7peu6vgkb', '::1', 1708918188, 0x5f5f63695f6c6173745f726567656e65726174657c693a313730383931383138383b7265646972656374696f6e7c4e3b5f5f4143544956455f53455353494f4e5f444154417c733a3330303a223833353666373538656436653762393639663434333336363136643239663363343537653230353363303830376432363461326363656362313366363062623564323363613766356362653431386233366632323438356264633130373031636337373037303337623066393230383037653863616263353534666665353765784e626c4d344e344375563436636a4f6b554633784e724e5571584471504447307157366f7a68774565504e72683356516a575a714b52567a6c38526a6379522b3665466a79663958662f3339612f435668335435633157375132536f307841672f3959556c52484e615579544835634d504c547833425a7a7975734e526539464230685a33546c54684f4235617741394a446f76726d4a4f5a434561626e6a62572f4d47734a6c632b6b3d223b),
('47a2s4lqmsefvb767880cfj32baqhmab', '::1', 1708918568, 0x5f5f63695f6c6173745f726567656e65726174657c693a313730383931383536383b7265646972656374696f6e7c4e3b5f5f4143544956455f53455353494f4e5f444154417c733a3330303a223833353666373538656436653762393639663434333336363136643239663363343537653230353363303830376432363461326363656362313366363062623564323363613766356362653431386233366632323438356264633130373031636337373037303337623066393230383037653863616263353534666665353765784e626c4d344e344375563436636a4f6b554633784e724e5571584471504447307157366f7a68774565504e72683356516a575a714b52567a6c38526a6379522b3665466a79663958662f3339612f435668335435633157375132536f307841672f3959556c52484e615579544835634d504c547833425a7a7975734e526539464230685a33546c54684f4235617741394a446f76726d4a4f5a434561626e6a62572f4d47734a6c632b6b3d223b),
('01g4hiiqgfc6a4en21gpi3f907q3iv0v', '::1', 1708918888, 0x5f5f63695f6c6173745f726567656e65726174657c693a313730383931383838383b7265646972656374696f6e7c4e3b5f5f4143544956455f53455353494f4e5f444154417c733a3330303a226338396536353562363839306637393237653137373136333639656262343962356431383031363862373361616230623534616535316139366266346365316562316564666430616464366634326539356237653231313365633234373336316330343036333163366136613439363132343866356438373635323831366432777a4352566d364e7a68426774685a45366a7a3656712b7a4c466766776d686a6d494f4164764167733868554e376c7252357a524b667349314870516975357242756c3147496932736b3359643976426a4646754e726d4c446b5947736930316d6f494434624d715a69474e613464336530736b7451412b6c45324865475a7637572b57675a774778304e484868325a6c2b38494662792f586a784e746865344168374e5168506a2f4e413d223b),
('os37cq4dj2f2n78uqoajktn9rn5etva4', '::1', 1708918937, 0x5f5f63695f6c6173745f726567656e65726174657c693a313730383931383838383b7265646972656374696f6e7c4e3b6c6f67696e5f666c6173687c733a31363a22426572686173696c206c6f676f757421223b5f5f63695f766172737c613a313a7b733a31313a226c6f67696e5f666c617368223b733a333a226f6c64223b7d);

-- --------------------------------------------------------

--
-- Table structure for table `tb_admin`
--

CREATE TABLE `tb_admin` (
  `adm_id` varchar(30) NOT NULL,
  `adm_nama` varchar(40) DEFAULT NULL,
  `adm_password` varchar(191) NOT NULL,
  `adm_nohp` varchar(20) DEFAULT NULL
) ENGINE=InnoDB DEFAULT CHARSET=utf8mb4;

--
-- Dumping data for table `tb_admin`
--

INSERT INTO `tb_admin` (`adm_id`, `adm_nama`, `adm_password`, `adm_nohp`) VALUES
('admin', 'Wahyu Dwi Prasetio', '$2y$10$rLRbpJSZLSle3nbO1aL93.QGKkkRUq1JvvswJcJSGXM.Ir9WHAm2u', '851577425045'),
('admin a', 'fasdfaffsaf', '$2y$10$Bn3.0xT7rDH.ARxxOnm5IuJkGWUrFCjF4iVQ77a.D0Gp6ZHB633NC', '1414234324'),
('adminraden', 'Raden Fidelis', '$2y$10$RYbk29qwPq2dI/PELx1PLeFN0ZB0N9nTmddRr0pwF2OSqeKM5NwMC', '081224672805'),
('adminsuf1', 'Tugas', '$2y$10$bHvEf7KURdwLGGGsf4dK4.3ZGqmpskK1YRF8tXaFt0xpj6PaRrelm', '123445634634625'),
('adminsuper', 'WAHYU DWI PRASETIO', 'adminsuper', '85157702507'),
('lingmisk1n4n', 'Tugas', '$2y$10$G4PJe/lYvXu4TKhCk8gfu.uIgGHP.O/nOcUHcHJkWrScqZSSr5mBm', '12332537567657'),
('wahyudp', 'Wahyu Dwi Prasetio', '$2y$10$sKepYJmf8sAJ91X7ojQA8evTr41lRyeBR1LPWw1/rMHF3CAgw8nPe', '123456780'),
('wahyudp321', 'WAHYU DWI PRASETIO', '$2y$10$aW5DU0ITFVGP9aO0P7vTR.tE5lsYOUY5CiIj22tnt7BY3SmkSaJ86', '852671624240');

-- --------------------------------------------------------

--
-- Table structure for table `tb_barang`
--

CREATE TABLE `tb_barang` (
  `brg_id` int(11) NOT NULL,
  `brg_nama` varchar(120) DEFAULT NULL,
  `brg_stok` int(5) UNSIGNED DEFAULT NULL,
  `brg_satuan` varchar(6) DEFAULT NULL,
  `brg_hargadasar` int(9) DEFAULT NULL,
  `brg_hargajual` int(9) DEFAULT NULL,
  `brg_idkat` int(3) DEFAULT NULL
) ENGINE=InnoDB DEFAULT CHARSET=utf8mb4;

--
-- Dumping data for table `tb_barang`
--

INSERT INTO `tb_barang` (`brg_id`, `brg_nama`, `brg_stok`, `brg_satuan`, `brg_hargadasar`, `brg_hargajual`, `brg_idkat`) VALUES
(101001, 'AXE FOR MAN', 1000, 'pcs', 36000, 41000, 101),
(101002, 'ADIDAS FOR MAN', 1000, '1000', 36000, 41000, 101),
(101003, 'ANTONIO BANDERAS FOR MAN', 1000, 'pcs', 101000, 106000, 101),
(101004, 'BURBERRY BRIT FOR MAN', 1000, 'pcs', 65000, 70000, 101),
(101005, 'BURBERRY LONDON FOR MAN', 1000, 'pcs', 115000, 120000, 101),
(101006, 'BURBERRY SUMMER FOR MAN', 1000, 'pcs', 69000, 74000, 101),
(101007, 'BURBERRY WEEK END FOR MAN', 1000, 'pcs', 71000, 76000, 101),
(101008, 'BENETTON COLD FOR MAN', 1000, 'pcs', 58000, 63000, 101),
(101009, 'BENETTON FOR MAN', 1000, 'pcs', 77000, 82000, 101),
(101010, 'BENETTON UNITED FOR MAN', 1000, 'pcs', 68000, 73000, 101),
(101011, 'BENETTON SPORT FOR MAN', 1000, 'pcs', 76000, 81000, 101),
(101012, 'BANANA REPUBLIC FOR MAN', 1000, 'pcs', 63000, 68000, 101),
(101013, 'BRUT FOR MAN', 1000, 'pcs', 55000, 60000, 101),
(101014, 'CALVIN KLEIN CK IN 2 U HIM FOR MAN', 1000, 'pcs', 62000, 67000, 101),
(101015, 'CALVIN KLEIN CK IN 2 U HEAT FOR MAN', 1000, 'pcs', 60000, 65000, 101),
(101016, 'CALVIN KLEIN CK IN2U POP FOR MAN', 1000, 'pcs', 85000, 90000, 101),
(101017, 'CALVIN KLEIN CK ONE SCENE FOR MAN', 1000, 'pcs', 66000, 71000, 101),
(101018, 'CALVIN KLEIN CK 2007 FOR MAN', 1000, 'pcs', 60000, 65000, 101),
(101019, 'CALVIN KLEIN CK BE FOR MAN', 1000, 'pcs', 56000, 61000, 101),
(101020, 'CALVIN KLEIN CRAVE FOR MAN', 1000, 'pcs', 60000, 65000, 101),
(101021, 'CALVIN KLEIN CONTRADICTION FOR MAN', 1000, 'pcs', 64000, 69000, 101),
(101022, 'CALVIN KLEIN EUPHORIA FOR MAN', 1000, 'pcs', 61000, 66000, 101),
(101023, 'CALVIN KLEIN ETERNITY FOR MAN', 1000, 'pcs', 51000, 56000, 101),
(101024, 'CALVIN KLEIN ETERNITY MAN', 1000, 'pcs', 92000, 97000, 101),
(101025, 'CALVIN KLEIN ETERNITY FOR MAN', 1000, 'pcs', 67000, 72000, 101),
(101026, 'CALVIN KLEIN ETERNITY FOR MAN', 1000, 'pcs', 240000, 245000, 101),
(101027, 'CALVIN KLEIN ETERNITY FOR MAN', 1000, 'pcs', 98000, 103000, 101),
(101028, 'CALVIN KLEIN ETERNITY FOR MAN', 1000, 'pcs', 71000, 76000, 101),
(101029, 'CALVIN KLEIN ETERNITY HIJAU FOR MAN', 1000, 'pcs', 48000, 53000, 101),
(101030, 'CALVIN KLEIN ETERNITY HIJAU FOR MAN', 1000, 'pcs', 72000, 77000, 101),
(101031, 'CALVIN KLEIN ETERNITY SUMMER FOR MAN', 1000, 'pcs', 59000, 64000, 101),
(101032, 'CALVIN KLEIN ESCAPE FOR MAN', 1000, 'pcs', 73000, 78000, 101),
(101033, 'CALVIN KLEIN CK FREE FOR MAN', 1000, 'pcs', 61000, 66000, 101),
(101034, 'CALVIN KLEIN CK FOR MAN', 1000, 'pcs', 36000, 41000, 101),
(101035, 'CARTIER EAU DE CARTIER FOR MAN', 1000, 'pcs', 62000, 67000, 101),
(101036, 'CARTIER EAU DE CARTIER FOR MAN', 1000, 'pcs', 124000, 129000, 101),
(101037, 'CARTIER DECLARATION FOR MAN', 1000, 'pcs', 58000, 63000, 101),
(101038, 'CARTIER DELICIOUS FOR MAN', 1000, 'pcs', 70000, 75000, 101),
(101039, 'CARTIER FOR MAN', 1000, 'pcs', 140000, 145000, 101),
(101040, 'CARTIER FOR MAN', 1000, 'pcs', 67000, 72000, 101),
(101041, 'CERUTTI FOR MAN', 1000, 'pcs', 57000, 62000, 101),
(101042, 'CHANEL ALLURE FOR MAN', 1000, 'pcs', 54000, 59000, 101),
(101043, 'CHANEL ALLURE SPORT FOR MAN', 1000, 'pcs', 55000, 60000, 101),
(101044, 'CHANEL ALUR SPORT FOR MAN', 1000, 'pcs', 134000, 139000, 101),
(101045, 'CHANEL EGOISTE PLATINUM FOR MAN', 1000, 'pcs', 59000, 64000, 101),
(101046, 'CHANEL EGOISTE PLATINIUM FOR MAN', 1000, 'pcs', 66000, 71000, 101),
(101047, 'CAROLINA HERRERA CHIC FOR MAN', 1000, 'pcs', 59000, 64000, 101),
(101048, 'CAROLINA HERRERA CHIC FOR MAN', 1000, 'pcs', 125000, 130000, 101),
(101049, 'CAROLINA HERRERA 212 FOR MAN', 1000, 'pcs', 74000, 79000, 101),
(101050, 'CAROLINA HERRERA 212 FOR MAN', 1000, 'pcs', 133000, 138000, 101),
(101051, 'CAROLINA HERRERA 212 SEXY FOR MAN', 1000, 'pcs', 60000, 65000, 101),
(101052, 'CAROLINA HERRERA 212 SEXY FOR MAN', 1000, 'pcs', 110000, 115000, 101),
(101053, 'CAROLINA HERRERA 212 H,2,O FOR MAN', 1000, 'pcs', 123000, 128000, 101),
(101054, 'CAROLINA HERRERA 212 SPLASH FOR MAN', 1000, 'pcs', 65000, 70000, 101),
(101055, 'CAROLINA HERRERA 212 ON ICE FOR MAN', 1000, 'pcs', 60000, 65000, 101),
(101056, 'CAROLINA HERRERA FOR MAN', 1000, 'pcs', 60000, 65000, 101),
(101057, 'CAROLINA HERRERA CH MAN NEW IBER CHEM', 1000, 'pcs', 60000, 65000, 101),
(101058, 'CAROLINA HERRERA 212  SPLASH FOR MAN', 1000, 'pcs', 60000, 65000, 101),
(101059, 'CASABLANCA FOR MAN', 1000, 'pcs', 58000, 63000, 101),
(101060, 'CHEVIGNON THE BEST FOR MAN', 1000, 'pcs', 68000, 73000, 101),
(101061, 'CLINIQUE HAPPY FOR MAN', 1000, 'pcs', 75000, 80000, 101),
(101062, 'CLINIQUE HAPPY FOR MAN', 1000, 'pcs', 129000, 134000, 101),
(101063, 'CHOPARD FOR MAN', 1000, 'pcs', 75000, 80000, 101),
(101064, 'DAVIDOFF ADVENTURE FOR MAN', 1000, 'pcs', 60000, 65000, 101),
(101065, 'DAVIDOFF COOL WATER FOR MAN', 1000, 'pcs', 60000, 65000, 101),
(101066, 'DAVIDOFF DEEP FOR MAN', 1000, 'pcs', 63000, 68000, 101),
(101067, 'DAVIDOFF ECHO FOR MAN', 1000, 'pcs', 61000, 66000, 101),
(101068, 'DAVIDOFF FREEZEME FOR MAN', 1000, 'pcs', 60000, 65000, 101),
(101069, 'DAVIDOFF GOOD LIVE FOR MAN', 1000, 'pcs', 64000, 69000, 101),
(101070, 'DAVIDOFF GOOD LIVE FOR MAN', 1000, 'pcs', 110000, 115000, 101),
(101071, 'DAVIDOFF GAME FOR MAN', 1000, 'pcs', 60000, 65000, 101),
(101072, 'DAVIDOFF SILVER SHADOW FOR MAN', 1000, 'pcs', 73000, 78000, 101),
(101073, 'DAVIDOFF SILVER SHADOW FOR MAN', 1000, 'pcs', 36000, 41000, 101),
(101074, 'DAVIDOFF HOT WATER FOR MAN', 1000, 'pcs', 58000, 63000, 101),
(101075, 'DUNHILL BLACK FOR MAN', 1000, 'pcs', 67000, 72000, 101),
(101076, 'DUNHILL BOXER FOR MAN', 1000, 'pcs', 65000, 70000, 101),
(101077, 'DUNHILL DESIRE BLUE FOR MAN', 1000, 'pcs', 62000, 67000, 101),
(101078, 'DUNHILL DESIRE BLUE FOR MAN', 1000, 'pcs', 115000, 120000, 101),
(101079, 'DUNHILL DESIRE RED FOR MAN', 1000, 'pcs', 63000, 68000, 101),
(101080, 'DUNHILL DESIRE RED FOR MAN', 1000, 'pcs', 122000, 127000, 101),
(101081, 'DUNHILL X CENTRIC FOR MAN', 1000, 'pcs', 62000, 67000, 101),
(101082, 'DUNHILL X CENTRIC FOR MAN', 1000, 'pcs', 99000, 104000, 101),
(101083, 'DUNHILL FRESH FOR MAN', 1000, 'pcs', 62000, 67000, 101),
(101084, 'DUNHILL LONDON FOR MAN', 1000, 'pcs', 63000, 68000, 101),
(101085, 'DUNHILL PURE SUIT FOR MAN', 1000, 'pcs', 63000, 68000, 101),
(101086, 'DUNHILL PURE FOR MAN', 1000, 'pcs', 66000, 71000, 101),
(101087, 'DIOR FAHRENT HET 32 FOR MAN', 1000, 'pcs', 57000, 62000, 101),
(101088, 'DIOR FAHRENTHEIT SUMMER FOR MAN', 1000, 'pcs', 75000, 80000, 101),
(101089, 'DIOR FAHRENT HET FOR MAN', 1000, 'pcs', 92000, 97000, 101),
(101090, 'DIOR FAHRENHEIT FOR MAN NO 1', 1000, 'pcs', 146000, 151000, 101),
(101091, 'DIOR FAHRENHEIT FOR MAN NO 2', 1000, 'pcs', 96000, 101000, 101),
(101092, 'DIOR POUR HOMME FOR MAN', 1000, 'pcs', 69000, 74000, 101),
(101093, 'D&G LIGHT BLUE FOR MAN', 1000, 'pcs', 62000, 67000, 101),
(101094, 'D&G THE ONE FOR MAN', 1000, 'pcs', 62000, 67000, 101),
(101095, 'D&G DOLCE GABBANA BY MAN MAN', 1000, 'pcs', 65000, 70000, 101),
(101096, 'DKNY DELICIOUS FOR MAN', 1000, 'pcs', 87000, 92000, 101),
(101097, 'DKNY RED DELICIOUS FOR MAN', 1000, 'pcs', 66000, 71000, 101),
(101098, 'DAVID BECKHAM INSTINC FOR MAN', 1000, 'pcs', 60000, 65000, 101),
(101099, 'DELMAR BULDESAIRIN FOR MAN', 1000, 'pcs', 68000, 73000, 101),
(101100, 'DELMAR CARREBBEAN FOR MAN', 1000, 'pcs', 66000, 71000, 101),
(102001, 'ANNA SUI ROCK ME WOMAN', 1000, 'pcs', 52000, 57000, 102),
(102002, 'ANTONIO BANDERAS FOR WOMAN', 1000, 'pcs', 101000, 106000, 102),
(102003, 'BRITNEY SPEARS IN CONTROL WOMAN', 1000, 'pcs', 58000, 63000, 102),
(102004, 'BRITNEY SPEARS MIDNIGHT FANTASY WOMAN', 1000, 'pcs', 61000, 66000, 102),
(102005, 'BRITNEY SPEARS CORIUS FANTASI WOMAN', 1000, 'pcs', 57000, 62000, 102),
(102006, 'BODY SHOP MOON FLOWER WOMAN', 1000, 'pcs', 64000, 69000, 102),
(102007, 'BURBERRY BRIT WOMAN', 1000, 'pcs', 65000, 70000, 102),
(102008, 'BURBERRY BRIT GOLD WOMAN', 1000, 'pcs', 59000, 64000, 102),
(102009, 'BURBERRY BRIT SHEER WOMAN', 1000, 'pcs', 57000, 62000, 102),
(102010, 'BURBERRY WOMAN', 1000, 'pcs', 122000, 127000, 102),
(102011, 'BURBERRY LONDON WOMAN', 1000, 'pcs', 81000, 86000, 102),
(102012, 'BURBERRY THE BEAT WOMAN', 1000, 'pcs', 59000, 64000, 102),
(102013, 'BURBERRY WEEK END WOMAN', 1000, 'pcs', 52000, 57000, 102),
(102014, 'BURBERRY WEEK END WOMAN', 1000, 'pcs', 94000, 99000, 102),
(102015, 'BENETTON HOT WOMAN', 900, 'pcs', 58000, 63000, 102),
(102016, 'BENETTON TRIBU WOMAN', 1000, 'pcs', 81000, 86000, 102),
(102017, 'BENETTON UNITED WOMAN', 1000, 'pcs', 67000, 72000, 102),
(102018, 'TROUBLE BUCHERON WOMAN', 1000, 'pcs', 63000, 68000, 102),
(102019, 'BLACKBERRY WOMAN', 1000, 'pcs', 47000, 52000, 102),
(102020, 'BEYONCE HEAT WOMAN', 1000, 'pcs', 57000, 62000, 102),
(102021, 'BEAUTY FUL WOMAN', 1000, 'pcs', 61000, 66000, 102),
(102022, 'CALVIN KLEIN CK IN 2 U HER WOMAN', 1000, 'pcs', 59000, 64000, 102),
(102023, 'CALVIN KLEIN CK IN 2 U HEAT WOMAN', 1000, 'pcs', 57000, 62000, 102),
(102024, 'CALVIN KLEIN CK IN2U POP WOMAN', 1000, 'pcs', 86000, 91000, 102),
(102025, 'CALVIN KLEIN CK ONE SUMMER WOMAN', 1000, 'pcs', 60000, 65000, 102),
(102026, 'CALVIN KLEIN CONTRADICTION WOMAN', 1000, 'pcs', 59000, 64000, 102),
(102027, 'CALVIN KLEIN EUPHORIA WOMAN', 1000, 'pcs', 61000, 66000, 102),
(102028, 'CALVIN KLEIN UPHORIA BLOSSOM WOMAN', 1000, 'pcs', 62000, 67000, 102),
(102029, 'CALVIN KLEIN ETERNITY WOMAN', 1000, 'pcs', 55000, 60000, 102),
(102030, 'CALVIN KLEIN ETERNITY SUMMER WOMAN', 1000, 'pcs', 60000, 65000, 102),
(102031, 'CALVIN KLEIN ETERNITY MOMENT WOMAN', 1000, 'pcs', 56000, 61000, 102),
(102032, 'CALVIN KLEIN ESCAPE WOMAN', 1000, 'pcs', 70000, 75000, 102),
(102033, 'CALVIN KLEIN ESCAPE WOMAN', 1000, 'pcs', 107000, 112000, 102),
(102034, 'CALVIN KLEIN ESCAPE WOMAN', 1000, 'pcs', 40000, 45000, 102),
(102035, 'CALVIN KLEIN TRUTH WOMAN', 1000, 'pcs', 61000, 66000, 102),
(102036, 'CALVIN KLEIN OBSESSION NIGHT WOMAN', 1000, 'pcs', 64000, 69000, 102),
(102037, 'CHARLY RED LANCOME PUME WOMAN', 1000, 'pcs', 57000, 62000, 102),
(102038, 'CHARLY REVLON WOMAN', 1000, 'pcs', 85000, 90000, 102),
(102039, 'CHANEL ALLURE WOMAN', 1000, 'pcs', 54000, 59000, 102),
(102040, 'CHANEL ALLUR WOMAN', 1000, 'pcs', 70000, 75000, 102),
(102041, 'CHANEL ALLUR SENSUELLE WOMAN', 1000, 'pcs', 63000, 68000, 102),
(102042, 'CHANEL CHANCE WOMAN', 1000, 'pcs', 59000, 64000, 102),
(102043, 'CHANEL CHANCE EAU FRAICHE WOMAN', 1000, 'pcs', 67000, 72000, 102),
(102044, 'CHANEL CANGE WOMAN', 1000, 'pcs', 107000, 112000, 102),
(102045, 'CHANEL COCO MADEMOISELLE WOMAN', 1000, 'pcs', 117000, 122000, 102),
(102046, 'CHANEL COCO MADEMOISELLE WOMAN', 1000, 'pcs', 66000, 71000, 102),
(102047, 'CHANEL CHANCE EAU FRAICHE WOMAN', 1000, 'pcs', 59000, 64000, 102),
(102048, 'CHANEL NO 5 EAU PREMIERE WOMAN', 1000, 'pcs', 59000, 64000, 102),
(102049, 'CHANEL NO 5 WOMAN', 1000, 'pcs', 54000, 59000, 102),
(102050, 'CHANEL NO 5 WOMAN', 1000, 'pcs', 78000, 83000, 102),
(102051, 'CAROLINA HERRERA AQUA HERERA WOMAN', 1000, 'pcs', 59000, 64000, 102),
(102052, 'CAROLINA HERRERA CHIC WOMAN', 1000, 'pcs', 55000, 60000, 102),
(102053, 'CAROLINA HERRERA 212 WOMAN', 1000, 'pcs', 61000, 66000, 102),
(102054, 'CAROLINA HERRERA 212 SEXY WOMAN', 1000, 'pcs', 67000, 72000, 102),
(102055, 'CAROLINA HERRERA 212 SEXY  WOMAN', 1000, 'pcs', 123000, 128000, 102),
(102056, 'CAROLINA HERRERA 212 SPLASH WOMAN', 1000, 'pcs', 71000, 76000, 102),
(102057, 'CAROLINA HERRERA 212 WHITE WOMAN', 1000, 'pcs', 67000, 72000, 102),
(102058, 'CLINIQUE HAPPY WOMAN', 1000, 'pcs', 86000, 91000, 102),
(102059, 'CLINIQUE HAPPY WOMAN', 1000, 'pcs', 118000, 123000, 102),
(102060, 'CLINIQUE HAPPY HEART WOMAN', 1000, 'pcs', 80000, 85000, 102),
(102061, 'CLINIQUE HAPPY HEART WOMAN', 1000, 'pcs', 60000, 65000, 102),
(102062, 'CLINIQUE HAPPY TO BEE WOMAN', 1000, 'pcs', 67000, 72000, 102),
(102063, 'CLINIQUE HAPPY SIMPLY WOMAN', 1000, 'pcs', 58000, 63000, 102),
(102064, 'CHOPARD PINK WISH DIAMOND WOMAN', 1000, 'pcs', 68000, 73000, 102),
(102065, 'CABOTIN WOMAN', 1000, 'pcs', 72000, 77000, 102),
(102066, 'CLUE NARCIS WOMAN', 1000, 'pcs', 55000, 60000, 102),
(102067, 'DAVIDOFF COOL WATER WOMAN', 1000, 'pcs', 56000, 61000, 102),
(102068, 'DAVIDOFF COOL WATER WOMAN', 1000, 'pcs', 60000, 65000, 102),
(102069, 'DAVIDOFF COOL WATER WAVE WOMAN', 1000, 'pcs', 60000, 65000, 102),
(102070, 'DAVIDOFF ECHO WOMAN', 1000, 'pcs', 60000, 65000, 102),
(102071, 'DAVIDOFF FREEZEME WOMAN', 1000, 'pcs', 58000, 63000, 102),
(102072, 'DAVIDOFF GAME WOMAN', 1000, 'pcs', 58000, 63000, 102),
(102073, 'DAVIDOFF WOMAN', 1000, 'pcs', 40000, 45000, 102),
(102074, 'DIOR ADICT SHINE WOMAN', 1000, 'pcs', 62000, 67000, 102),
(102075, 'DIOR ADICT SHINE WOMAN', 1000, 'pcs', 67000, 72000, 102),
(102076, 'DIOR ADICT SATU WOMAN', 1000, 'pcs', 61000, 66000, 102),
(102077, 'DIOR ADICT DUA WOMAN', 1000, 'pcs', 57000, 62000, 102),
(102078, 'DIOR DOLCE VITA WOMAN', 1000, 'pcs', 55000, 60000, 102),
(102079, 'DIOR DOLCE VITA WOMAN', 1000, 'pcs', 118000, 123000, 102),
(102080, 'DIOR DUNE WOMAN', 1000, 'pcs', 75000, 80000, 102),
(102081, 'DIOR DUNE WOMAN', 1000, 'pcs', 119000, 124000, 102),
(102082, 'DIOR HIGHER ENERGY WOMAN', 1000, 'pcs', 63000, 68000, 102),
(102083, 'DIOR JADORE WOMAN', 1000, 'pcs', 52000, 57000, 102),
(102084, 'DIOR JADORE DIVINEMENT WOMAN', 1000, 'pcs', 67000, 72000, 102),
(102085, 'DIOR MIDNIGHT POISON WOMAN', 1000, 'pcs', 67000, 72000, 102),
(102086, 'DIOR MISS DIOR WOMAN', 1000, 'pcs', 107000, 112000, 102),
(102087, 'DIOR MISS DIOR CHERRY WOMAN', 1000, 'pcs', 58000, 63000, 102),
(102088, 'DIOR MISS DIOR CHERRY WOMAN', 1000, 'pcs', 123000, 128000, 102),
(102089, 'DIOR PURE POISON WOMAN', 1000, 'pcs', 55000, 60000, 102),
(102090, 'DIOR POISON WOMAN', 1000, 'pcs', 55000, 60000, 102),
(102091, 'DIOR TENDER POISON WOMAN', 1000, 'pcs', 103000, 108000, 102),
(102092, 'D&G LIGHT BLUE WOMAN', 1000, 'pcs', 58000, 63000, 102),
(102093, 'D&G LIGHT BLUE WOMAN', 1000, 'pcs', 116000, 121000, 102),
(102094, 'D&G LIGHT BLUE WOMAN', 1000, 'pcs', 141000, 146000, 102),
(102095, 'DKNY DELICIOUS WOMAN', 1000, 'pcs', 69000, 74000, 102),
(102096, 'DKNY DONAKARAN WOMAN', 1000, 'pcs', 66000, 71000, 102),
(102097, 'DKNY DELICIOUS FRESH BLOSSOM WOMAN', 1000, 'pcs', 61000, 66000, 102),
(102098, 'DKNY GOLD DELICIOUS WOMAN', 1000, 'pcs', 74000, 79000, 102),
(102099, 'DKNY RED DELICIOUS WOMAN', 1000, 'pcs', 67000, 72000, 102),
(102100, 'DAVID BECKHAM INTIMATELY WOMAN', 1000, 'pcs', 68000, 73000, 102);

-- --------------------------------------------------------

--
-- Table structure for table `tb_kasir`
--

CREATE TABLE `tb_kasir` (
  `ksr_id` varchar(30) NOT NULL,
  `ksr_nama` varchar(40) DEFAULT NULL,
  `ksr_password` varchar(191) NOT NULL,
  `ksr_nohp` varchar(20) DEFAULT NULL
) ENGINE=InnoDB DEFAULT CHARSET=utf8mb4;

--
-- Dumping data for table `tb_kasir`
--

INSERT INTO `tb_kasir` (`ksr_id`, `ksr_nama`, `ksr_password`, `ksr_nohp`) VALUES
('adminindra', 'Indra Akhbar', '$2y$10$73CZx4FTPcajmIhPo4ST9.JC1AdRc8.SZxyKRge8uwAI7TuojfEBe', '081224672806'),
('adminsupeff', 'Wahyu Dwi Prasetio', '$2y$10$jRREQPjtQWsP4fYmkYjH1O05VD4xxLFU.41XNdZOlP5vjK9iCVFRO', '42343254354'),
('adminsupegn', 'Ugh Lala Mega Bintang', '$2y$10$QiSZErkeYZMWNeJGIj848e0g2kqzsFiMvEL4QNr2ZXJ9ssIZP2uUm', '852671638614'),
('adminsuper@a', 'Admin Superia', '$2y$10$aLcVzu4DYWn8C.5TTDBOxuDYPxhFlVLHquYlrs7TfAA.HtuB/Rl.i', '8515774250'),
('kasir', 'Teddie Kuma Kichi', '$2y$10$QdEiPGCxmZOm/yGi9Q8IUOgcS6c4ybeZAnmMoSR.AZrtGUpK1OeHS', '33434254252353');

-- --------------------------------------------------------

--
-- Table structure for table `tb_kategori`
--

CREATE TABLE `tb_kategori` (
  `kat_id` int(3) NOT NULL,
  `kat_nama` varchar(30) DEFAULT NULL
) ENGINE=InnoDB DEFAULT CHARSET=utf8mb4;

--
-- Dumping data for table `tb_kategori`
--

INSERT INTO `tb_kategori` (`kat_id`, `kat_nama`) VALUES
(101, 'Parfum Cowok'),
(102, 'Parfum Cewek');

-- --------------------------------------------------------

--
-- Table structure for table `tb_nota`
--

CREATE TABLE `tb_nota` (
  `nota_id` int(11) NOT NULL,
  `nota_tgl` datetime DEFAULT NULL,
  `nota_pembeli` varchar(40) DEFAULT NULL,
  `nota_plat` varchar(10) DEFAULT NULL,
  `nota_idksr` varchar(30) DEFAULT NULL,
  `nota_status` enum('selesai','belum_selesai') DEFAULT NULL
) ENGINE=InnoDB DEFAULT CHARSET=utf8mb4;

--
-- Dumping data for table `tb_nota`
--

INSERT INTO `tb_nota` (`nota_id`, `nota_tgl`, `nota_pembeli`, `nota_plat`, `nota_idksr`, `nota_status`) VALUES
(2021111303, '2021-10-31 11:32:00', 'Ape', '', 'adminsupegn', 'selesai'),
(2021111316, '2021-10-01 11:32:00', 'Aaa', '', 'kasir', 'selesai'),
(2021111317, '2021-10-31 11:32:00', 'Aab', '', 'kasir', 'selesai'),
(2021111318, '2021-10-31 11:32:00', 'Aac', '', 'kasir', 'selesai'),
(2021111319, '2021-09-01 11:32:00', 'Aaa', '1', 'kasir', 'selesai'),
(2021111320, '2021-10-31 11:32:00', 'Aab', '', 'kasir', 'selesai'),
(2021111321, '2021-10-31 11:32:00', 'Aac', '', 'kasir', 'selesai'),
(2021111322, '2021-10-31 11:32:00', 'Aaa', '', 'kasir', 'selesai'),
(2021111323, '2021-10-31 11:32:00', 'Aab', '', 'kasir', 'selesai'),
(2021111324, '2021-07-01 11:32:00', 'Aac', '111', 'kasir', 'selesai'),
(2021111326, '2021-10-31 11:32:00', 'Aab', '', 'kasir', 'selesai'),
(2021111327, '2021-04-01 11:32:00', 'Aac', 'Hallo', 'kasir', 'selesai'),
(2021111328, '2021-11-13 11:32:59', 'Aaa', NULL, 'kasir', 'belum_selesai'),
(2021111329, '2021-11-13 11:32:59', 'Aab', NULL, 'kasir', 'belum_selesai'),
(2021111330, '2021-11-13 11:32:59', 'Aac', NULL, 'kasir', 'belum_selesai'),
(2021111331, '2021-11-13 11:32:59', 'Aaa', NULL, 'kasir', 'belum_selesai'),
(2021111332, '2021-11-13 11:32:59', 'Aab', NULL, 'kasir', 'belum_selesai'),
(2021111333, '2021-11-13 11:32:59', 'Aac', NULL, 'kasir', 'belum_selesai'),
(2021111334, '2021-11-13 11:32:59', 'Aaa', NULL, 'kasir', 'belum_selesai'),
(2021111335, '2021-11-13 11:32:59', 'Aab', NULL, 'kasir', 'belum_selesai'),
(2021111336, '2021-11-13 11:32:59', 'Aac', NULL, 'kasir', 'belum_selesai'),
(2021111337, '2021-11-13 11:32:59', 'Aaa', NULL, 'kasir', 'belum_selesai'),
(2021111338, '2021-11-13 11:32:59', 'Aab', NULL, 'kasir', 'belum_selesai'),
(2021111339, '2021-11-13 11:32:59', 'Aac', NULL, 'kasir', 'belum_selesai'),
(2021111340, '2021-11-13 11:32:59', 'Aaa', NULL, 'kasir', 'belum_selesai'),
(2021111341, '2021-11-13 11:32:59', 'Aab', NULL, 'kasir', 'belum_selesai'),
(2021111342, '2021-11-13 11:32:59', 'Aac', NULL, 'kasir', 'belum_selesai'),
(2021111343, '2021-11-13 11:32:59', 'Aaa', NULL, 'kasir', 'belum_selesai'),
(2021111345, '2021-11-13 11:32:59', 'Aac', NULL, 'kasir', 'belum_selesai'),
(2021111346, '2021-11-13 11:32:59', 'Aaa', NULL, 'kasir', 'belum_selesai'),
(2021111347, '2021-11-13 11:32:59', 'Aab', NULL, 'kasir', 'belum_selesai'),
(2021111348, '2021-11-13 11:32:59', 'Aac', NULL, 'kasir', 'belum_selesai'),
(2021111349, '2021-11-13 11:32:59', 'Aaa', NULL, 'kasir', 'belum_selesai'),
(2021111350, '2021-11-13 11:32:59', 'Aab', NULL, 'kasir', 'belum_selesai'),
(2021111351, '2021-11-13 11:32:59', 'Aac', NULL, 'kasir', 'belum_selesai'),
(2021111352, '2021-11-13 11:32:59', 'Aaa', NULL, 'kasir', 'belum_selesai'),
(2021111353, '2021-11-13 11:32:59', 'Aab', NULL, 'kasir', 'belum_selesai'),
(2021111354, '2021-11-13 11:32:59', 'Aac', NULL, 'kasir', 'belum_selesai'),
(2021111355, '2021-11-13 11:32:59', 'Aaa', NULL, 'kasir', 'belum_selesai'),
(2021111356, '2021-11-13 11:32:59', 'Aab', NULL, 'kasir', 'belum_selesai'),
(2021111357, '2021-11-13 11:32:59', 'Aac', NULL, 'kasir', 'belum_selesai'),
(2021111358, '2021-11-13 11:32:59', 'Aaa', NULL, 'kasir', 'belum_selesai'),
(2021111359, '2021-11-13 11:32:59', 'Aab', NULL, 'kasir', 'belum_selesai'),
(2021111360, '2021-11-13 11:32:59', 'Aac', NULL, 'kasir', 'belum_selesai'),
(2021111361, '2021-11-13 11:32:59', 'Aaa', NULL, 'kasir', 'belum_selesai'),
(2021111362, '2021-11-13 11:32:59', 'Aab', NULL, 'kasir', 'belum_selesai'),
(2021111363, '2021-11-13 11:32:59', 'Aac', NULL, 'kasir', 'belum_selesai'),
(2021111364, '2021-11-13 11:32:59', 'Aaa', NULL, 'kasir', 'belum_selesai'),
(2021111365, '2021-10-31 11:32:00', 'Aab', '', 'kasir', 'selesai'),
(2021111367, '2021-11-13 11:32:59', 'Aaa', NULL, 'kasir', 'belum_selesai'),
(2021111368, '2021-11-13 11:32:59', 'Aab', NULL, 'kasir', 'belum_selesai'),
(2021111369, '2021-11-13 11:32:59', 'Aac', NULL, 'kasir', 'belum_selesai'),
(2021111370, '2021-11-13 11:32:59', 'Aaa', NULL, 'kasir', 'belum_selesai'),
(2021111371, '2021-11-13 11:32:59', 'Aab', NULL, 'kasir', 'belum_selesai'),
(2021111372, '2021-11-13 11:32:59', 'Aac', NULL, 'kasir', 'belum_selesai'),
(2021111373, '2021-11-13 11:32:59', 'Aaa', NULL, 'kasir', 'belum_selesai'),
(2021111374, '2021-11-13 11:32:59', 'Aab', NULL, 'kasir', 'belum_selesai'),
(2021111375, '2021-11-13 11:32:59', 'Aac', NULL, 'kasir', 'belum_selesai'),
(2021111376, '2021-11-13 11:32:59', 'Aaa', NULL, 'kasir', 'belum_selesai'),
(2021111377, '2021-11-13 11:32:59', 'Aab', NULL, 'kasir', 'belum_selesai'),
(2021111378, '2021-11-13 11:32:59', 'Aac', NULL, 'kasir', 'belum_selesai'),
(2021111379, '2021-11-13 11:32:59', 'Aaa', NULL, 'kasir', 'belum_selesai'),
(2021111380, '2021-11-13 11:32:59', 'Aab', NULL, 'kasir', 'belum_selesai'),
(2021111381, '2021-11-13 11:32:59', 'Aac', NULL, 'kasir', 'belum_selesai'),
(2021111382, '2021-11-13 11:32:59', 'Aaa', NULL, 'kasir', 'belum_selesai'),
(2021111383, '2021-11-13 11:32:59', 'Aab', NULL, 'kasir', 'belum_selesai'),
(2021111384, '2021-11-13 11:32:59', 'Aac', NULL, 'kasir', 'belum_selesai'),
(2021111385, '2021-11-13 11:32:59', 'Aaa', NULL, 'kasir', 'belum_selesai'),
(2021111386, '2021-11-13 11:32:59', 'Aab', NULL, 'kasir', 'belum_selesai'),
(2021111387, '2021-11-13 11:32:59', 'Aac', NULL, 'kasir', 'belum_selesai'),
(2021111388, '2021-11-13 11:32:59', 'Aaa', NULL, 'kasir', 'belum_selesai'),
(2021111389, '2021-11-13 11:32:59', 'Aab', NULL, 'kasir', 'belum_selesai'),
(2021111390, '2021-11-13 11:32:59', 'Aac', NULL, 'kasir', 'belum_selesai'),
(2021111391, '2021-11-13 11:32:59', 'Aaa', NULL, 'kasir', 'belum_selesai'),
(2021111392, '2021-11-13 11:32:59', 'Aab', NULL, 'kasir', 'belum_selesai'),
(2021111393, '2021-11-13 11:32:59', 'Aac', NULL, 'kasir', 'belum_selesai'),
(2021111394, '2021-11-13 11:32:59', 'Aaa', NULL, 'kasir', 'belum_selesai'),
(2021111395, '2021-11-13 11:32:59', 'Aab', NULL, 'kasir', 'belum_selesai'),
(2021111396, '2021-11-13 11:32:59', 'Aac', NULL, 'kasir', 'belum_selesai'),
(2021111397, '2021-11-13 11:32:59', 'Aaa', NULL, 'kasir', 'belum_selesai'),
(2021111398, '2021-11-13 11:32:59', 'Aab', NULL, 'kasir', 'belum_selesai'),
(2021111399, '2021-11-13 11:32:59', 'Aac', NULL, 'kasir', 'belum_selesai'),
(2021111400, '2021-11-13 11:32:59', 'Aaa', NULL, 'kasir', 'belum_selesai'),
(2021111401, '2021-11-13 11:32:59', 'Aab', NULL, 'kasir', 'belum_selesai'),
(2021111402, '2021-11-13 11:32:59', 'Aac', NULL, 'kasir', 'belum_selesai'),
(2021111403, '2021-11-13 11:32:59', 'Aaa', NULL, 'kasir', 'belum_selesai'),
(2021111404, '2021-11-13 11:32:59', 'Aab', NULL, 'kasir', 'belum_selesai'),
(2021111405, '2021-11-13 11:32:59', 'Aac', NULL, 'kasir', 'belum_selesai'),
(2021111406, '2021-11-13 11:32:59', 'Aaa', NULL, 'kasir', 'belum_selesai'),
(2021111407, '2021-11-13 11:32:59', 'Aab', NULL, 'kasir', 'belum_selesai'),
(2021111408, '2021-11-13 11:32:59', 'Aac', NULL, 'kasir', 'belum_selesai'),
(2021111409, '2021-11-13 11:32:59', 'Aaa', NULL, 'kasir', 'belum_selesai'),
(2021111410, '2021-11-13 11:32:59', 'Aab', NULL, 'kasir', 'belum_selesai'),
(2021111411, '2021-11-13 11:32:59', 'Aac', NULL, 'kasir', 'belum_selesai'),
(2021111412, '2021-11-13 11:32:59', 'Aaa', NULL, 'kasir', 'belum_selesai'),
(2021111413, '2021-11-13 11:32:59', 'Aab', NULL, 'kasir', 'belum_selesai'),
(2021111414, '2021-11-13 11:32:59', 'Aac', NULL, 'kasir', 'belum_selesai'),
(2021111415, '2021-11-13 11:32:59', 'Aaa', NULL, 'kasir', 'belum_selesai'),
(2021111416, '2021-11-13 11:32:59', 'Aab', NULL, 'kasir', 'belum_selesai'),
(2021111417, '2021-11-13 11:32:59', 'Aac', NULL, 'kasir', 'belum_selesai'),
(2021111418, '2021-11-13 11:32:59', 'Aaa', NULL, 'kasir', 'belum_selesai'),
(2021111419, '2021-11-13 11:32:59', 'Aab', NULL, 'kasir', 'belum_selesai'),
(2021111420, '2021-11-13 11:32:59', 'Aac', NULL, 'kasir', 'belum_selesai'),
(2021111421, '2021-11-13 11:32:59', 'Aaa', NULL, 'kasir', 'belum_selesai'),
(2021111422, '2021-11-13 11:32:59', 'Aab', NULL, 'kasir', 'belum_selesai'),
(2021111423, '2021-11-13 11:32:59', 'Aac', NULL, 'kasir', 'belum_selesai'),
(2021111424, '2021-11-13 11:32:59', 'Aaa', NULL, 'kasir', 'belum_selesai'),
(2021111425, '2021-11-13 11:32:59', 'Aab', NULL, 'kasir', 'belum_selesai'),
(2021111426, '2021-11-13 11:32:59', 'Aac', NULL, 'kasir', 'belum_selesai'),
(2021111427, '2021-11-13 11:32:59', 'Aaa', NULL, 'kasir', 'belum_selesai'),
(2021111428, '2021-11-13 11:32:59', 'Aab', NULL, 'kasir', 'belum_selesai'),
(2021111429, '2021-11-13 11:32:59', 'Aac', NULL, 'kasir', 'belum_selesai'),
(2021111430, '2021-11-13 11:32:59', 'Aaa', NULL, 'kasir', 'belum_selesai'),
(2021111431, '2021-11-13 11:32:59', 'Aab', NULL, 'kasir', 'belum_selesai'),
(2021111432, '2021-11-13 11:32:59', 'Aac', NULL, 'kasir', 'belum_selesai'),
(2021111433, '2021-11-13 11:32:59', 'Aaa', NULL, 'kasir', 'belum_selesai'),
(2021111434, '2021-11-13 11:32:59', 'Aab', NULL, 'kasir', 'belum_selesai'),
(2021111435, '2021-11-13 11:32:59', 'Aac', NULL, 'kasir', 'belum_selesai'),
(2021111436, '2021-11-13 11:32:59', 'Aaa', NULL, 'kasir', 'belum_selesai'),
(2021111437, '2021-11-13 11:32:59', 'Aab', NULL, 'kasir', 'belum_selesai'),
(2021111438, '2021-11-13 11:32:59', 'Aac', NULL, 'kasir', 'belum_selesai'),
(2021111439, '2021-11-13 11:32:59', 'Aaa', NULL, 'kasir', 'belum_selesai'),
(2021111440, '2021-11-13 11:32:59', 'Aab', NULL, 'kasir', 'belum_selesai'),
(2021111441, '2021-11-13 11:32:59', 'Aac', NULL, 'kasir', 'belum_selesai'),
(2021111442, '2021-11-13 11:32:59', 'Aaa', NULL, 'kasir', 'belum_selesai'),
(2021111443, '2021-11-13 11:32:59', 'Aab', NULL, 'kasir', 'belum_selesai'),
(2021111444, '2021-11-13 11:32:59', 'Aac', NULL, 'kasir', 'belum_selesai'),
(2021111445, '2021-11-13 11:32:59', 'Aaa', NULL, 'kasir', 'belum_selesai'),
(2021111446, '2021-11-13 11:32:59', 'Aab', NULL, 'kasir', 'belum_selesai'),
(2021111447, '2021-11-13 11:32:59', 'Aac', NULL, 'kasir', 'belum_selesai'),
(2021111448, '2021-11-13 11:32:59', 'Aaa', NULL, 'kasir', 'belum_selesai'),
(2021111449, '2021-11-13 11:32:59', 'Aab', NULL, 'kasir', 'belum_selesai'),
(2021111450, '2021-11-13 11:32:59', 'Aac', NULL, 'kasir', 'belum_selesai'),
(2021111451, '2021-11-13 11:32:59', 'Aaa', NULL, 'kasir', 'belum_selesai'),
(2021111452, '2021-11-13 11:32:59', 'Aab', NULL, 'kasir', 'belum_selesai'),
(2021111453, '2021-11-13 11:32:59', 'Aac', NULL, 'kasir', 'belum_selesai'),
(2021111454, '2021-11-13 11:32:59', 'Aaa', NULL, 'kasir', 'belum_selesai'),
(2021111455, '2021-11-13 11:32:59', 'Aab', NULL, 'kasir', 'belum_selesai'),
(2021111456, '2021-11-13 11:32:59', 'Aac', NULL, 'kasir', 'belum_selesai'),
(2021111457, '2021-11-13 11:32:59', 'Aaa', NULL, 'kasir', 'belum_selesai'),
(2021111458, '2021-11-13 11:32:59', 'Aab', NULL, 'kasir', 'belum_selesai'),
(2021111459, '2021-11-13 11:32:59', 'Aac', NULL, 'kasir', 'belum_selesai'),
(2021111460, '2021-11-13 11:32:59', 'Aaa', NULL, 'kasir', 'belum_selesai'),
(2021111461, '2021-11-13 11:32:59', 'Aab', NULL, 'kasir', 'belum_selesai'),
(2021111462, '2021-11-13 11:32:59', 'Aac', NULL, 'kasir', 'belum_selesai'),
(2021111463, '2021-11-13 11:32:59', 'Aaa', NULL, 'kasir', 'belum_selesai'),
(2021111464, '2021-11-13 11:32:59', 'Aab', NULL, 'kasir', 'belum_selesai'),
(2021111465, '2021-11-13 11:32:59', 'Aac', NULL, 'kasir', 'belum_selesai'),
(2021111466, '2021-11-13 11:32:59', 'Aaa', NULL, 'kasir', 'belum_selesai'),
(2021111467, '2021-11-13 11:32:59', 'Aab', NULL, 'kasir', 'belum_selesai'),
(2021111468, '2021-11-13 11:32:59', 'Aac', NULL, 'kasir', 'belum_selesai'),
(2021111469, '2021-11-13 11:32:59', 'Aaa', NULL, 'kasir', 'belum_selesai'),
(2021111470, '2021-11-13 11:32:59', 'Aab', NULL, 'kasir', 'belum_selesai'),
(2021111471, '2021-11-13 11:32:59', 'Aac', NULL, 'kasir', 'belum_selesai'),
(2021111472, '2021-11-13 11:32:59', 'Aaa', NULL, 'kasir', 'belum_selesai'),
(2021111473, '2021-11-13 11:32:59', 'Aab', NULL, 'kasir', 'belum_selesai'),
(2021111474, '2021-11-13 11:32:59', 'Aac', NULL, 'kasir', 'belum_selesai'),
(2021111475, '2021-11-13 11:32:59', 'Aaa', NULL, 'kasir', 'belum_selesai'),
(2021111476, '2021-11-13 11:32:59', 'Aab', NULL, 'kasir', 'belum_selesai'),
(2021111477, '2021-11-13 11:32:59', 'Aac', NULL, 'kasir', 'belum_selesai'),
(2021111478, '2021-11-13 11:32:59', 'Aaa', NULL, 'kasir', 'belum_selesai'),
(2021111479, '2021-11-13 11:32:59', 'Aab', NULL, 'kasir', 'belum_selesai'),
(2021111480, '2021-11-13 11:32:59', 'Aac', NULL, 'kasir', 'belum_selesai'),
(2021111481, '2021-11-13 11:32:59', 'Aaa', NULL, 'kasir', 'belum_selesai'),
(2021111482, '2021-11-13 11:32:59', 'Aab', NULL, 'kasir', 'belum_selesai'),
(2021111483, '2021-11-13 11:32:59', 'Aac', NULL, 'kasir', 'belum_selesai'),
(2021111484, '2021-11-13 11:32:59', 'Aaa', NULL, 'kasir', 'belum_selesai'),
(2021111485, '2021-11-13 11:32:59', 'Aab', NULL, 'kasir', 'belum_selesai'),
(2021111486, '2021-11-13 11:32:59', 'Aac', NULL, 'kasir', 'belum_selesai'),
(2021111487, '2021-11-13 11:32:59', 'Aaa', NULL, 'kasir', 'belum_selesai'),
(2021111488, '2021-11-13 11:32:59', 'Aab', NULL, 'kasir', 'belum_selesai'),
(2021111489, '2021-11-13 11:32:59', 'Aac', NULL, 'kasir', 'belum_selesai'),
(2021111490, '2021-11-13 11:32:59', 'Aaa', NULL, 'kasir', 'belum_selesai'),
(2021111491, '2021-11-13 11:32:59', 'Aab', NULL, 'kasir', 'belum_selesai'),
(2021111492, '2021-11-13 11:32:59', 'Aac', NULL, 'kasir', 'belum_selesai'),
(2021111493, '2021-11-13 11:32:59', 'Aaa', NULL, 'kasir', 'belum_selesai'),
(2021111494, '2021-11-13 11:32:59', 'Aab', NULL, 'kasir', 'belum_selesai'),
(2021111495, '2021-11-13 11:32:59', 'Aac', NULL, 'kasir', 'belum_selesai'),
(2021111496, '2021-10-31 11:32:00', 'Aaa', '', 'kasir', 'selesai'),
(2021111497, '2021-11-13 11:32:59', 'Aab', NULL, 'kasir', 'belum_selesai'),
(2021111498, '2021-11-13 11:32:59', 'Aac', NULL, 'kasir', 'belum_selesai'),
(2021111499, '2021-11-13 11:32:59', 'Aaa', NULL, 'kasir', 'belum_selesai'),
(2021111601, '2021-11-16 16:38:00', '123', '1111', 'kasir', 'belum_selesai'),
(2021111602, '2021-11-16 16:52:00', 'aaa', '123', 'kasir', 'belum_selesai'),
(2021111603, '2021-11-16 16:57:00', '1', '1', 'kasir', 'belum_selesai'),
(2021111604, '2021-11-16 16:57:00', '123', '1', 'kasir', 'belum_selesai'),
(2021111605, '2021-11-16 17:04:00', '123', '1', 'kasir', 'belum_selesai'),
(2021111606, '2021-11-16 17:05:00', '', '', 'kasir', 'belum_selesai'),
(2021111607, '2021-11-16 17:05:00', '', '', 'kasir', 'belum_selesai'),
(2021111608, '2021-11-16 17:09:00', '', '', 'kasir', 'belum_selesai'),
(2021111609, '2021-11-16 17:10:00', '', '', 'kasir', 'belum_selesai'),
(2021111610, '2021-11-16 17:18:00', '', '', 'kasir', 'belum_selesai'),
(2021111611, '2021-11-16 17:18:00', '', '', 'kasir', 'belum_selesai'),
(2021111612, '2021-11-16 17:30:00', '', '', 'kasir', 'belum_selesai'),
(2021111613, '2021-11-16 17:40:00', '', '', 'kasir', 'belum_selesai'),
(2021111614, '2021-11-16 17:46:00', '', '', 'kasir', 'belum_selesai'),
(2021111615, '2021-11-16 17:47:00', '', '', 'kasir', 'belum_selesai'),
(2021111616, '2021-11-16 18:52:00', '', '', 'kasir', 'belum_selesai'),
(2021111617, '2021-11-16 18:54:00', '', '', 'kasir', 'belum_selesai'),
(2021111618, '2021-11-16 18:54:00', '', '', 'kasir', 'belum_selesai'),
(2021111619, '2021-11-16 19:03:00', '', '', 'kasir', 'belum_selesai'),
(2021111620, '2021-11-16 19:04:00', '', '', 'kasir', 'belum_selesai'),
(2021111621, '2021-11-16 19:06:00', '', '', 'kasir', 'belum_selesai'),
(2021111622, '2021-11-16 19:08:00', '', '', 'kasir', 'belum_selesai'),
(2021111623, '2021-11-16 19:21:00', '', '', 'kasir', 'belum_selesai'),
(2021111624, '2021-11-16 19:26:00', '', '', 'kasir', 'belum_selesai'),
(2021111625, '2021-11-16 19:29:00', '', '', 'kasir', 'belum_selesai'),
(2021111626, '2021-11-16 19:36:00', '', '', 'kasir', 'belum_selesai'),
(2021111627, '2021-11-16 19:41:00', '', '', 'kasir', 'belum_selesai'),
(2021111628, '2021-11-16 19:42:00', '', '', 'kasir', 'belum_selesai'),
(2021111629, '2021-11-16 19:55:00', '', '', 'kasir', 'belum_selesai'),
(2021111630, '2021-11-16 19:56:00', '', '', 'kasir', 'belum_selesai'),
(2021111631, '2021-11-16 20:15:00', '', '', 'kasir', 'belum_selesai'),
(2021111632, '2021-11-16 20:16:00', '', '', 'kasir', 'belum_selesai'),
(2021111633, '2021-11-16 20:18:00', '', '', 'kasir', 'belum_selesai'),
(2021111634, '2021-11-16 20:22:00', '', '', 'kasir', 'belum_selesai'),
(2021111635, '2021-11-16 20:24:00', '', '', 'kasir', 'belum_selesai'),
(2021111636, '2021-11-16 20:24:00', '', '', 'kasir', 'belum_selesai'),
(2021111637, '2021-11-16 20:26:00', '', '', 'kasir', 'belum_selesai'),
(2021111638, '2021-11-16 20:27:00', '', '', 'kasir', 'belum_selesai'),
(2021111639, '2021-11-16 20:28:00', '', '', 'kasir', 'belum_selesai'),
(2021111640, '2021-11-16 20:31:00', '', '', 'kasir', 'belum_selesai'),
(2021111641, '2021-11-16 20:32:00', '', '', 'kasir', 'belum_selesai'),
(2021111642, '2021-11-16 20:32:00', '', '', 'kasir', 'belum_selesai'),
(2021111643, '2021-11-16 20:33:00', '', '', 'kasir', 'belum_selesai'),
(2021111644, '2021-11-16 20:34:00', '', '', 'kasir', 'belum_selesai'),
(2021111645, '2021-11-16 20:36:00', '', '', 'kasir', 'belum_selesai'),
(2021111646, '2021-11-16 20:38:00', '', '', 'kasir', 'belum_selesai'),
(2021111647, '2021-11-16 20:41:00', '', '', 'kasir', 'belum_selesai'),
(2021111648, '2021-11-16 20:44:00', '', '', 'kasir', 'belum_selesai'),
(2021111649, '2021-11-16 20:45:00', '', '', 'kasir', 'belum_selesai'),
(2021111650, '2021-11-16 20:45:00', '', '', 'kasir', 'belum_selesai'),
(2021111651, '2021-11-16 20:46:00', '', '', 'kasir', 'belum_selesai'),
(2021111652, '2021-11-16 20:47:00', '', '', 'kasir', 'belum_selesai'),
(2021111653, '2021-11-16 20:48:00', '', '', 'kasir', 'belum_selesai'),
(2021111654, '2021-11-16 20:54:00', '', '', 'kasir', 'belum_selesai'),
(2021111655, '2021-11-16 21:18:00', '', '', 'kasir', 'belum_selesai'),
(2021111656, '2021-11-16 21:20:00', '', '', 'kasir', 'belum_selesai'),
(2021111657, '2021-11-16 21:39:00', '', '', 'kasir', 'belum_selesai'),
(2021111658, '2021-11-16 21:40:00', '', '', 'kasir', 'belum_selesai'),
(2021111659, '2021-11-16 21:42:00', '', '', 'kasir', 'belum_selesai'),
(2021111660, '2021-11-16 21:43:00', '', '', 'kasir', 'belum_selesai'),
(2021111661, '2021-11-16 22:01:00', '', '', 'kasir', 'belum_selesai'),
(2021111662, '2021-11-16 22:02:00', '', '', 'kasir', 'belum_selesai'),
(2021111663, '2021-11-16 22:10:00', '', '', 'kasir', 'belum_selesai'),
(2021111664, '2021-11-16 22:15:00', '', '', 'kasir', 'belum_selesai'),
(2021111665, '2021-11-16 22:21:00', '', '', 'kasir', 'belum_selesai'),
(2021111666, '2021-11-16 22:22:00', '', '', 'kasir', 'belum_selesai'),
(2021111667, '2021-11-16 22:24:00', '', '', 'kasir', 'belum_selesai'),
(2021111668, '2021-11-16 22:25:00', '', '', 'kasir', 'belum_selesai'),
(2021111669, '2021-11-16 22:25:00', '', '', 'kasir', 'belum_selesai'),
(2021111670, '2021-11-16 22:27:00', '', '', 'kasir', 'belum_selesai'),
(2021111671, '2021-11-16 22:28:00', '', '', 'kasir', 'selesai'),
(2021111672, '2021-11-16 22:29:00', '', '', 'kasir', 'selesai'),
(2021111673, '2021-11-16 22:53:00', '', '', 'kasir', 'belum_selesai'),
(2021111674, '2021-11-16 23:11:00', '', '', 'kasir', 'belum_selesai'),
(2021111675, '2021-11-16 23:12:00', '', '', 'kasir', 'belum_selesai'),
(2021111676, '2021-11-16 23:17:00', '', '', 'kasir', 'belum_selesai'),
(2021111677, '2021-11-16 23:30:00', '', '', 'kasir', 'belum_selesai'),
(2021111678, '2021-11-16 23:49:00', '', '', 'kasir', 'belum_selesai'),
(2021111679, '2021-11-16 23:49:00', '', '', 'kasir', 'belum_selesai'),
(2021111680, '2021-11-16 23:51:00', '', '', 'kasir', 'belum_selesai'),
(2021111681, '2021-11-16 23:52:00', '', '', 'kasir', 'belum_selesai'),
(2021111682, '2021-11-17 00:02:00', '', '', 'kasir', 'belum_selesai'),
(2021111683, '2021-11-17 00:02:00', '', '', 'kasir', 'belum_selesai'),
(2021111684, '2021-11-17 00:08:00', '', '', 'kasir', 'belum_selesai'),
(2021111685, '2021-11-17 00:09:00', '', '', 'kasir', 'belum_selesai'),
(2021111686, '2021-11-17 00:13:00', '', '', 'kasir', 'belum_selesai'),
(2021111687, '2021-11-17 00:15:00', '', '', 'kasir', 'belum_selesai'),
(2021111688, '2021-11-17 00:18:00', '', '', 'kasir', 'belum_selesai'),
(2021111689, '2021-11-17 00:19:00', '', '', 'kasir', 'belum_selesai'),
(2021111690, '2021-11-17 00:20:00', '', '', 'kasir', 'belum_selesai'),
(2021111691, '2021-11-17 00:43:00', '', '', 'kasir', 'belum_selesai'),
(2021111692, '2021-11-17 00:44:00', '', '', 'kasir', 'belum_selesai'),
(2021111693, '2021-11-17 00:45:00', '', '', 'kasir', 'selesai'),
(2021111697, '2021-11-17 00:55:00', '', '', 'kasir', 'selesai'),
(2021111698, '2021-11-17 00:57:00', '', '', 'kasir', 'selesai'),
(2021111699, '2021-11-17 01:02:00', '', '', 'kasir', 'selesai'),
(2021111701, '2021-11-17 08:45:00', '', '', 'kasir', 'selesai'),
(2021111702, '2021-11-17 08:49:00', '', '', 'kasir', 'selesai'),
(2021111703, '2021-11-17 08:51:00', '', '', 'kasir', 'selesai'),
(2021112201, '2021-11-22 09:23:00', '', '', 'kasir', 'selesai'),
(2021112203, '2021-11-22 09:26:00', 'KAskus', 'BD 352 AC', 'kasir', 'selesai'),
(2021112204, '2021-11-22 17:47:00', '', '', 'adminsupegn', 'belum_selesai'),
(2021112205, '2021-11-22 18:29:00', '', '', 'adminsupegn', 'belum_selesai'),
(2021112206, '2021-11-22 18:34:00', '', '', 'adminsupegn', 'belum_selesai'),
(2021112207, '2021-11-22 18:34:00', '', '', 'adminsupegn', 'belum_selesai'),
(2021112208, '2021-11-22 18:35:00', '', '', 'adminsupegn', 'belum_selesai'),
(2021112209, '2021-11-22 18:35:00', '', '', 'adminsupegn', 'belum_selesai'),
(2021112210, '2021-11-22 18:36:00', '', '', 'adminsupegn', 'belum_selesai'),
(2021112211, '2021-11-22 18:37:00', '', '', 'adminsupegn', 'belum_selesai'),
(2021112212, '2021-11-22 18:49:00', '', '', 'adminsupegn', 'belum_selesai'),
(2021112213, '2021-11-22 19:04:00', '', '', 'adminsupegn', 'belum_selesai'),
(2021112214, '2021-11-22 20:42:00', 'PPPPPP', 'Ughhh', 'kasir', 'selesai'),
(2021112215, '2021-11-22 20:44:00', 'Aku suka kamu', '', 'kasir', 'selesai'),
(2021112301, '2021-11-23 11:16:00', '', '', 'kasir', 'belum_selesai'),
(2021112302, '2021-11-23 12:15:00', '', '', 'kasir', 'selesai'),
(2021112303, '2021-11-23 12:18:00', '', '', 'kasir', 'selesai'),
(2021112304, '2021-11-23 12:21:00', '', '', 'kasir', 'belum_selesai'),
(2021112305, '2021-11-23 12:22:00', '', '', 'kasir', 'selesai'),
(2021112306, '2021-11-23 12:25:00', '', '', 'kasir', 'selesai'),
(2021112307, '2021-11-23 12:27:00', '', '', 'kasir', 'selesai'),
(2021112308, '2021-11-23 12:28:00', '', '', 'kasir', 'belum_selesai'),
(2021112309, '2021-11-23 12:38:00', '', '', 'kasir', 'belum_selesai'),
(2021112310, '2021-11-23 12:39:00', '', '', 'kasir', 'belum_selesai'),
(2021112311, '2021-11-23 13:17:00', '1', '1', 'kasir', 'selesai'),
(2021112501, '2021-11-25 11:00:00', '', '', 'kasir', 'selesai'),
(2021112502, '2021-11-25 17:20:00', '', '', 'kasir', 'selesai'),
(2021112601, '2021-11-26 09:52:00', 'a', 'a', 'kasir', 'selesai'),
(2021112602, '2021-11-26 10:03:00', '', '', 'kasir', 'belum_selesai'),
(2021112603, '2021-11-26 10:08:00', '', '', 'kasir', 'belum_selesai'),
(2021112604, '2021-11-26 10:19:00', '', '', 'kasir', 'selesai'),
(2021112605, '2021-11-26 10:22:00', '', '', 'kasir', 'selesai'),
(2021112606, '2021-11-26 10:23:00', '', '', 'kasir', 'selesai'),
(2024022001, '2024-02-20 22:01:00', 'Anjar', '0812246728', 'adminindra', 'selesai'),
(2024022002, '2024-02-20 22:16:00', 'Sky', 'Surabaya', 'adminindra', 'selesai'),
(2024022601, '2024-02-26 10:37:00', 'budi', '009888', 'adminindra', 'selesai');

-- --------------------------------------------------------

--
-- Table structure for table `tb_pembelian`
--

CREATE TABLE `tb_pembelian` (
  `beli_idpo` int(11) NOT NULL,
  `beli_idbrg` int(11) NOT NULL,
  `beli_jumlahbrg` int(4) DEFAULT NULL
) ENGINE=InnoDB DEFAULT CHARSET=utf8mb4;

--
-- Dumping data for table `tb_pembelian`
--

INSERT INTO `tb_pembelian` (`beli_idpo`, `beli_idbrg`, `beli_jumlahbrg`) VALUES
(2021110001, 101010, 10),
(2021110001, 101011, 11),
(2021110001, 101015, 12),
(2021110001, 101020, 100),
(2021110001, 102012, 13),
(2021110002, 101011, 100),
(2021110002, 102014, 99),
(2021110002, 103013, 66),
(2021110020, 101010, 11),
(2021110021, 102018, 11),
(2021110022, 101010, 11),
(2021110024, 101011, 11),
(2021110025, 101012, 11),
(2021110026, 101010, 11),
(2021110027, 101015, 123),
(2021110028, 101020, 11),
(2021110029, 101015, 11),
(2021110030, 101011, 77),
(2021110031, 101015, 111),
(2021110032, 101016, 11),
(2021110033, 101012, 11),
(2021110034, 101011, 11),
(2021110035, 101011, 11),
(2021110036, 101010, 11),
(2021110037, 101011, 11),
(2021110053, 101001, 11),
(2021110054, 101015, 11),
(2021110055, 101010, 11),
(2021110056, 101015, 123),
(2021110060, 101010, 11),
(2021110061, 102010, 11),
(2021110061, 102012, 12),
(2021110061, 103012, 13),
(2021110063, 101010, 11),
(2021110063, 101011, 12),
(2021110063, 101012, 1),
(2021110063, 101015, 12),
(2021110063, 101016, 1),
(2021110063, 103013, 1),
(2021110064, 101001, 1),
(2021110064, 101010, 1),
(2021110065, 101012, 12),
(2021110066, 101011, 1),
(2021110066, 101012, 3),
(2021110067, 101010, 1),
(2021110070, 101010, 1),
(2021110071, 101010, 3),
(2021110071, 101011, 123),
(2021110073, 101011, 12),
(2021110075, 101001, 1),
(2021110076, 101011, 123),
(2021110077, 101001, 11),
(2021110077, 101011, 123),
(2021110078, 101010, 1),
(2021110078, 101011, 1),
(2021110078, 101012, 1),
(2021110079, 101001, 1),
(2021110079, 101010, 123),
(2021110080, 101001, 124),
(2021110080, 101010, 124),
(2021110081, 101001, 1),
(2021110081, 101010, 123),
(2021110083, 101011, 1),
(2021110084, 101010, 12),
(2021110085, 101010, 12),
(2021110086, 101001, 87),
(2021110087, 101001, 1),
(2021110088, 101001, 1),
(2021110089, 101001, 123),
(2021110089, 101010, 1),
(2021110090, 101001, 1234),
(2021110090, 101010, 12345),
(2021110091, 101001, 23),
(2021110091, 101010, 1),
(2021110092, 101010, 123),
(2021110092, 101011, 1234),
(2021110094, 101001, 1235),
(2021110094, 101011, 123),
(2021110095, 101001, 1),
(2021110096, 101001, 1),
(2021110097, 101001, 123),
(2021110098, 101001, 123),
(2021110099, 101010, 12345),
(2021110100, 101001, 123),
(2021110101, 101001, 1234),
(2021110102, 101001, 123),
(2021110103, 101001, 12345),
(2021110104, 101001, 12345),
(2021110105, 101011, 12345),
(2021110105, 101012, 12345),
(2021110106, 101001, 12345),
(2021110106, 101010, 1),
(2021110107, 101001, 1),
(2021110107, 101010, 1),
(2021110108, 101001, 1),
(2021110109, 101001, 1),
(2021110110, 101001, 1),
(2021110116, 101010, 1234),
(2021110117, 101001, 123),
(2021110119, 101010, 123),
(2021110121, 101010, 1),
(2021110128, 101010, 1),
(2021110129, 101015, 1),
(2021110130, 102008, 1),
(2021110131, 101015, 1),
(2021110132, 101010, 12),
(2021110133, 101001, 12345),
(2021110140, 101001, 123),
(2021110141, 101010, 123),
(2021110142, 101010, 738),
(2021110142, 101012, 246),
(2021110149, 101001, 1122),
(2021110150, 101010, 123),
(2021110151, 101001, 123),
(2021110152, 101001, 123),
(2021110153, 101001, 123),
(2021110156, 101001, 123),
(2021110157, 101001, 124),
(2021110158, 101010, 123),
(2021110159, 101001, 123),
(2021110160, 101010, 123),
(2021110161, 101001, 123),
(2021110162, 101011, 123),
(2021110163, 101001, 23),
(2021110164, 101010, 123),
(2021110165, 101010, 369),
(2021110167, 101010, 496),
(2021110168, 101010, 123),
(2021110169, 101010, 369),
(2021110170, 101001, 123),
(2021110170, 101010, 234),
(2021110171, 101001, 123),
(2021110171, 101010, 123),
(2021110172, 101001, 123),
(2021110172, 101016, 123),
(2021110173, 101010, 123),
(2021110174, 101001, 1234),
(2021110174, 101011, 1234),
(2021110175, 101001, 13),
(2021110175, 101010, 123),
(2021110175, 102014, 1234),
(2021110180, 101001, 492),
(2021110180, 101010, 123),
(2021110181, 101001, 2706),
(2021110184, 101001, 123),
(2021110212, 101010, 12345),
(2021110219, 101010, 123),
(2021110222, 101010, 12345),
(2021110223, 101001, 123),
(2021110224, 101011, 123),
(2021110224, 101015, 123),
(2021110230, 101011, 123),
(2021110231, 101001, 123),
(2021110232, 101011, 123),
(2021110233, 101001, 1),
(2021110234, 101010, 123),
(2021110235, 101001, 123),
(2021110236, 101001, 123),
(2021110237, 101011, 401),
(2021110238, 101001, 280),
(2021110239, 101001, 150),
(2021110239, 101010, 90),
(2021110239, 101011, 13),
(2021110240, 101001, 30),
(2021110240, 101010, 20),
(2021110241, 101001, 40),
(2021110241, 101010, 10),
(2021110242, 101001, 30),
(2021110242, 101010, 25),
(2021110243, 101001, 40),
(2021110243, 101010, 30),
(2021110243, 101011, 20),
(2021110244, 101001, 4),
(2021110244, 101010, 4),
(2021110244, 101011, 1),
(2021110245, 101001, 125),
(2021110245, 101010, 1),
(2021110245, 101011, 126),
(2021110245, 101012, 372),
(2021110246, 101001, 123),
(2021110246, 101010, 48),
(2021110246, 101011, 74),
(2021110246, 101016, 13),
(2021110247, 101001, 1),
(2021110248, 101001, 1),
(2021110248, 101010, 1),
(2021110249, 101001, 123),
(2021110250, 101001, 2),
(2021110251, 101001, 1),
(2021110252, 101001, 123),
(2021110252, 101010, 123),
(2021110252, 101016, 123),
(2021110253, 101001, 12),
(2021110254, 101001, 123),
(2021110255, 101001, 123),
(2021110257, 101001, 861),
(2021110258, 101001, 255),
(2021110259, 101001, 246),
(2021110260, 101010, 290),
(2021110261, 101010, 123),
(2021110262, 101010, 1554),
(2021110263, 101010, 1),
(2021110264, 101001, 246),
(2021110265, 101001, 374),
(2021110266, 101001, 7),
(2021110267, 101010, 123),
(2021110267, 101011, 123),
(2021110268, 101001, 1234),
(2021110270, 101001, 2),
(2021110272, 101010, 246),
(2021110273, 101001, 123),
(2021110273, 101012, 11),
(2021110274, 101001, 99),
(2021110275, 101001, 123),
(2021110275, 101011, 123),
(2021110276, 101001, 246),
(2021110277, 101001, 1),
(2021110280, 101001, 369),
(2021110281, 101001, 132),
(2021110282, 101001, 123),
(2021110282, 101010, 123),
(2021110284, 101001, 123),
(2021110285, 101001, 246),
(2021110287, 101001, 492),
(2021110290, 101001, 1443),
(2021110302, 101001, 123),
(2021110309, 101011, 234),
(2021110310, 101001, 10),
(2021110310, 101017, 1),
(2021110310, 101020, 12),
(2021110310, 102018, 11),
(2021110310, 103015, 18),
(2021110311, 101001, 123),
(2021110311, 101010, 123),
(2021110316, 101001, 123),
(2021110317, 101001, 999),
(2021110317, 101020, 999),
(2021110317, 103020, 999),
(2021110318, 101010, 123),
(2021110319, 101001, 999),
(2021110320, 101001, 9999),
(2021110320, 101010, 123),
(2021110320, 101012, 123),
(2021110321, 101001, 123),
(2021110321, 101010, 123),
(2021110321, 101011, 123),
(2021110322, 101010, 123),
(2021110323, 101001, 100),
(2021110324, 101010, 123),
(2021110324, 101012, 246),
(2021110325, 101001, 1),
(2021110325, 101010, 1),
(2021110325, 101011, 1),
(2021110325, 101012, 1),
(2021110325, 101015, 1),
(2021110325, 101016, 1),
(2021110325, 101018, 1),
(2021110325, 101019, 1),
(2021110325, 102010, 1),
(2021110325, 102015, 1),
(2021110327, 101010, 12345),
(2021110328, 101001, 1000),
(2021110329, 107001, 1000);

-- --------------------------------------------------------

--
-- Table structure for table `tb_penjualan`
--

CREATE TABLE `tb_penjualan` (
  `jual_idnota` int(11) NOT NULL,
  `jual_idbrg` int(11) NOT NULL,
  `jual_diskon` int(11) DEFAULT NULL COMMENT 'diskon dalam ribuan rupiah',
  `jual_jumlahbrg` int(4) DEFAULT NULL
) ENGINE=InnoDB DEFAULT CHARSET=utf8mb4;

--
-- Dumping data for table `tb_penjualan`
--

INSERT INTO `tb_penjualan` (`jual_idnota`, `jual_idbrg`, `jual_diskon`, `jual_jumlahbrg`) VALUES
(2024022002, 101010, 0, 500),
(2024022601, 102015, 0, 100);

-- --------------------------------------------------------

--
-- Table structure for table `tb_po`
--

CREATE TABLE `tb_po` (
  `po_id` int(11) NOT NULL,
  `po_tgl` datetime DEFAULT NULL,
  `po_nofak` varchar(10) DEFAULT NULL,
  `po_tglfak` datetime DEFAULT NULL,
  `po_tgljatuhtempo` date DEFAULT NULL,
  `po_status` enum('temporer','permanen','belum_selesai') DEFAULT 'belum_selesai',
  `po_idsup` int(11) DEFAULT NULL,
  `po_idadm` varchar(30) DEFAULT NULL
) ENGINE=InnoDB DEFAULT CHARSET=utf8mb4;

--
-- Dumping data for table `tb_po`
--

INSERT INTO `tb_po` (`po_id`, `po_tgl`, `po_nofak`, `po_tglfak`, `po_tgljatuhtempo`, `po_status`, `po_idsup`, `po_idadm`) VALUES
(2021110001, '2021-11-10 10:51:55', '123', '1970-01-01 07:00:00', '2022-01-10', 'belum_selesai', 1, 'admin'),
(2021110002, '2021-11-10 13:05:11', '123', '1970-01-01 07:00:00', '2022-02-01', 'belum_selesai', 2, 'adminsuf1'),
(2021110020, '2021-11-11 08:11:00', '', '0000-00-00 00:00:00', '2022-02-09', 'belum_selesai', 2, 'admin'),
(2021110021, '2021-11-11 08:13:00', '', '0000-00-00 00:00:00', '2022-02-09', 'belum_selesai', 2, 'admin'),
(2021110022, '2021-11-11 08:14:00', '', '0000-00-00 00:00:00', '2022-02-09', 'belum_selesai', 3, 'admin'),
(2021110024, '2021-11-11 08:56:00', '', '0000-00-00 00:00:00', '2022-02-09', 'belum_selesai', 3, 'admin'),
(2021110025, '2021-11-11 08:57:00', '', '0000-00-00 00:00:00', '2022-02-09', 'belum_selesai', 3, 'admin'),
(2021110026, '2021-11-11 08:59:00', '', '0000-00-00 00:00:00', '2022-02-09', 'belum_selesai', 2, 'admin'),
(2021110027, '2021-11-11 09:01:00', '', '0000-00-00 00:00:00', '2022-02-09', 'belum_selesai', 1, 'admin'),
(2021110028, '2021-11-11 09:03:00', '', '0000-00-00 00:00:00', '2022-02-09', 'belum_selesai', 2, 'admin'),
(2021110029, '2021-11-11 09:04:00', '', '0000-00-00 00:00:00', '2022-02-09', 'belum_selesai', 1, 'admin'),
(2021110030, '2021-11-11 09:04:00', '', '0000-00-00 00:00:00', '2022-02-09', 'belum_selesai', 3, 'admin'),
(2021110031, '2021-11-11 09:07:00', '', '0000-00-00 00:00:00', '2022-02-09', 'belum_selesai', 1, 'admin'),
(2021110032, '2021-11-11 09:08:00', '', '0000-00-00 00:00:00', '2022-02-09', 'belum_selesai', 2, 'admin'),
(2021110033, '2021-11-11 09:08:00', '', '0000-00-00 00:00:00', '2022-02-09', 'belum_selesai', 3, 'admin'),
(2021110034, '2021-11-11 09:09:00', '', '0000-00-00 00:00:00', '2022-02-09', 'belum_selesai', 2, 'admin'),
(2021110035, '2021-11-11 09:10:00', '', '0000-00-00 00:00:00', '2022-02-09', 'belum_selesai', 2, 'admin'),
(2021110036, '2021-11-11 09:11:00', '', '0000-00-00 00:00:00', '2022-02-09', 'belum_selesai', 1, 'admin'),
(2021110037, '2021-11-11 09:11:00', '', '0000-00-00 00:00:00', '2022-02-09', 'belum_selesai', 1, 'admin'),
(2021110053, '2021-11-11 09:41:00', '', '0000-00-00 00:00:00', '2022-02-09', 'belum_selesai', 1, 'admin'),
(2021110054, '2021-11-11 09:42:00', '', '0000-00-00 00:00:00', '2022-02-09', 'belum_selesai', 1, 'admin'),
(2021110055, '2021-11-11 09:44:00', '', '0000-00-00 00:00:00', '2022-02-09', 'belum_selesai', 1, 'admin'),
(2021110056, '2021-11-11 09:46:00', '', '0000-00-00 00:00:00', '2022-02-09', 'belum_selesai', 1, 'admin'),
(2021110060, '2021-11-11 09:58:00', '', '0000-00-00 00:00:00', '2022-02-09', 'belum_selesai', 2, 'admin'),
(2021110061, '2021-11-11 10:06:00', '', '0000-00-00 00:00:00', '2022-02-09', 'belum_selesai', 3, 'admin'),
(2021110063, '2021-11-11 10:22:00', '', '0000-00-00 00:00:00', '2022-02-09', 'belum_selesai', 1, 'admin'),
(2021110064, '2021-11-11 10:27:00', '', '0000-00-00 00:00:00', '2022-02-09', 'belum_selesai', 2, 'admin'),
(2021110065, '2021-11-11 10:28:00', '', '0000-00-00 00:00:00', '2022-02-09', 'belum_selesai', 2, 'admin'),
(2021110066, '2021-11-11 10:29:00', '', '0000-00-00 00:00:00', '2022-02-09', 'belum_selesai', 2, 'admin'),
(2021110067, '2021-11-11 10:31:00', '', '0000-00-00 00:00:00', '2022-02-09', 'belum_selesai', 2, 'admin'),
(2021110070, '2021-11-11 10:34:00', '', '0000-00-00 00:00:00', '2022-02-09', 'belum_selesai', 1, 'admin'),
(2021110071, '2021-11-11 10:35:00', '', '0000-00-00 00:00:00', '2022-02-09', 'belum_selesai', 1, 'admin'),
(2021110073, '2021-11-11 10:37:00', '', '0000-00-00 00:00:00', '2022-02-09', 'belum_selesai', 1, 'admin'),
(2021110075, '2021-11-11 10:39:00', '', '0000-00-00 00:00:00', '2022-02-09', 'belum_selesai', 1, 'admin'),
(2021110076, '2021-11-11 10:39:00', '', '0000-00-00 00:00:00', '2022-02-09', 'belum_selesai', 2, 'admin'),
(2021110077, '2021-11-11 10:40:00', '', '0000-00-00 00:00:00', '2022-02-09', 'belum_selesai', 3, 'admin'),
(2021110078, '2021-11-11 10:43:00', '', '0000-00-00 00:00:00', '2022-02-09', 'belum_selesai', 2, 'admin'),
(2021110079, '2021-11-11 10:45:00', '', '0000-00-00 00:00:00', '2022-02-09', 'belum_selesai', 2, 'admin'),
(2021110080, '2021-11-11 10:53:00', '', '0000-00-00 00:00:00', '2022-02-09', 'belum_selesai', 2, 'admin'),
(2021110081, '2021-11-11 10:54:00', '', '0000-00-00 00:00:00', '2022-02-09', 'belum_selesai', 1, 'admin'),
(2021110083, '2021-11-11 11:15:00', '', '0000-00-00 00:00:00', '2022-02-09', 'belum_selesai', 1, 'admin'),
(2021110084, '2021-11-11 11:16:00', '', '0000-00-00 00:00:00', '2022-02-09', 'belum_selesai', 2, 'admin'),
(2021110085, '2021-11-11 11:17:00', '', '0000-00-00 00:00:00', '2022-02-09', 'belum_selesai', 1, 'admin'),
(2021110086, '2021-11-11 11:19:00', '', '0000-00-00 00:00:00', '2022-02-09', 'belum_selesai', 1, 'admin'),
(2021110087, '2021-11-11 11:20:00', '', '0000-00-00 00:00:00', '2022-02-09', 'belum_selesai', 1, 'admin'),
(2021110088, '2021-11-11 11:20:00', '', '0000-00-00 00:00:00', '2022-02-09', 'belum_selesai', 1, 'admin'),
(2021110089, '2021-11-11 11:21:00', '', '0000-00-00 00:00:00', '2022-02-09', 'belum_selesai', 1, 'admin'),
(2021110090, '2021-11-11 11:26:00', '', '0000-00-00 00:00:00', '2022-02-09', 'belum_selesai', 2, 'admin'),
(2021110091, '2021-11-11 11:28:00', '', '0000-00-00 00:00:00', '2022-02-09', 'belum_selesai', 1, 'admin'),
(2021110092, '2021-11-11 11:30:00', '', '0000-00-00 00:00:00', '2022-02-09', 'belum_selesai', 1, 'admin'),
(2021110094, '2021-11-11 11:32:00', '', '0000-00-00 00:00:00', '2022-02-09', 'belum_selesai', 1, 'admin'),
(2021110095, '2021-11-11 11:38:00', '', '0000-00-00 00:00:00', '2022-02-09', 'belum_selesai', 1, 'admin'),
(2021110096, '2021-11-11 11:38:00', '', '0000-00-00 00:00:00', '2022-02-09', 'belum_selesai', 1, 'admin'),
(2021110097, '2021-11-11 11:42:00', '', '0000-00-00 00:00:00', '2022-02-09', 'belum_selesai', 2, 'admin'),
(2021110098, '2021-11-11 11:43:00', '', '0000-00-00 00:00:00', '2022-02-09', 'belum_selesai', 1, 'admin'),
(2021110099, '2021-11-11 11:48:00', '', '0000-00-00 00:00:00', '2022-02-09', 'belum_selesai', 2, 'admin'),
(2021110100, '2021-11-11 11:49:00', '', '0000-00-00 00:00:00', '2022-02-09', 'belum_selesai', 1, 'admin'),
(2021110101, '2021-11-11 11:50:00', '', '0000-00-00 00:00:00', '2022-02-09', 'belum_selesai', 1, 'admin'),
(2021110102, '2021-11-11 11:50:00', '', '0000-00-00 00:00:00', '2022-02-09', 'belum_selesai', 1, 'admin'),
(2021110103, '2021-11-11 11:51:00', '', '0000-00-00 00:00:00', '2022-02-09', 'belum_selesai', 3, 'admin'),
(2021110104, '2021-11-11 11:52:00', '', '0000-00-00 00:00:00', '2022-02-09', 'belum_selesai', 1, 'admin'),
(2021110105, '2021-11-11 11:53:00', '', '0000-00-00 00:00:00', '2022-02-09', 'belum_selesai', 2, 'admin'),
(2021110106, '2021-11-11 11:56:00', '', '0000-00-00 00:00:00', '2022-02-09', 'belum_selesai', 2, 'admin'),
(2021110107, '2021-11-11 12:05:00', '', '0000-00-00 00:00:00', '2022-02-09', 'belum_selesai', 1, 'admin'),
(2021110108, '2021-11-11 12:05:00', '', '0000-00-00 00:00:00', '2022-02-09', 'belum_selesai', 1, 'admin'),
(2021110109, '2021-11-11 12:07:00', '', '0000-00-00 00:00:00', '2022-02-09', 'belum_selesai', 1, 'admin'),
(2021110110, '2021-11-11 12:09:00', '', '0000-00-00 00:00:00', '2022-02-09', 'belum_selesai', 1, 'admin'),
(2021110116, '2021-11-11 12:16:00', '', '0000-00-00 00:00:00', '2022-02-09', 'belum_selesai', 1, 'admin'),
(2021110117, '2021-11-11 12:17:00', '', '0000-00-00 00:00:00', '2022-02-09', 'belum_selesai', 2, 'admin'),
(2021110119, '2021-11-11 12:26:00', '', '0000-00-00 00:00:00', '2022-02-09', 'belum_selesai', 2, 'admin'),
(2021110121, '2021-11-11 12:29:00', '', '0000-00-00 00:00:00', '2022-02-09', 'belum_selesai', 1, 'admin'),
(2021110128, '2021-11-11 13:18:00', '', '0000-00-00 00:00:00', '2022-02-09', 'belum_selesai', 1, 'admin'),
(2021110129, '2021-11-11 13:19:00', '', '0000-00-00 00:00:00', '2022-02-09', 'belum_selesai', 2, 'admin'),
(2021110130, '2021-11-11 13:27:00', '', '0000-00-00 00:00:00', '2022-02-09', 'belum_selesai', 2, 'admin'),
(2021110131, '2021-11-11 13:30:00', '', '0000-00-00 00:00:00', '2022-02-09', 'belum_selesai', 1, 'admin'),
(2021110132, '2021-11-11 13:35:00', '', '0000-00-00 00:00:00', '2022-02-09', 'belum_selesai', 2, 'admin'),
(2021110133, '2021-11-11 16:53:00', '', '0000-00-00 00:00:00', '2022-02-09', 'belum_selesai', 1, 'admin'),
(2021110140, '2021-11-11 17:25:00', '', '0000-00-00 00:00:00', '2022-02-09', 'belum_selesai', 2, 'admin'),
(2021110141, '2021-11-11 17:27:00', '', '0000-00-00 00:00:00', '2022-02-09', 'belum_selesai', 1, 'admin'),
(2021110142, '2021-11-11 17:34:00', '', '0000-00-00 00:00:00', '2022-02-09', 'belum_selesai', 2, 'admin'),
(2021110149, '2021-11-11 17:50:00', '', '0000-00-00 00:00:00', '2022-02-09', 'belum_selesai', 1, 'admin'),
(2021110150, '2021-11-11 17:53:00', '', '0000-00-00 00:00:00', '2022-02-09', 'belum_selesai', 1, 'admin'),
(2021110151, '2021-11-11 17:53:00', '', '0000-00-00 00:00:00', '2022-02-09', 'belum_selesai', 1, 'admin'),
(2021110152, '2021-11-11 17:54:00', '', '0000-00-00 00:00:00', '2022-02-09', 'belum_selesai', 2, 'admin'),
(2021110153, '2021-11-11 17:56:00', '', '0000-00-00 00:00:00', '2022-02-09', 'belum_selesai', 2, 'admin'),
(2021110156, '2021-11-11 17:59:00', '', '0000-00-00 00:00:00', '2022-02-09', 'belum_selesai', 2, 'admin'),
(2021110157, '2021-11-11 18:00:00', '', '0000-00-00 00:00:00', '2022-02-09', 'belum_selesai', 1, 'admin'),
(2021110158, '2021-11-11 18:00:00', '', '0000-00-00 00:00:00', '2022-02-09', 'belum_selesai', 1, 'admin'),
(2021110159, '2021-11-11 18:01:00', '', '0000-00-00 00:00:00', '2022-02-09', 'belum_selesai', 1, 'admin'),
(2021110160, '2021-11-11 18:02:00', '', '0000-00-00 00:00:00', '2022-02-09', 'belum_selesai', 2, 'admin'),
(2021110161, '2021-11-11 18:20:00', '', '0000-00-00 00:00:00', '2022-02-09', 'belum_selesai', 1, 'admin'),
(2021110162, '2021-11-11 18:28:00', '', '0000-00-00 00:00:00', '2022-02-09', 'belum_selesai', 1, 'admin'),
(2021110163, '2021-11-11 21:24:00', '', '0000-00-00 00:00:00', '2022-02-09', 'belum_selesai', 1, 'admin'),
(2021110164, '2021-11-11 21:26:00', '', '0000-00-00 00:00:00', '2022-02-09', 'belum_selesai', 1, 'admin'),
(2021110165, '2021-11-11 21:28:00', '', '0000-00-00 00:00:00', '2022-02-09', 'belum_selesai', 2, 'admin'),
(2021110167, '2021-11-11 21:29:00', '', '0000-00-00 00:00:00', '2022-02-09', 'belum_selesai', 2, 'admin'),
(2021110168, '2021-11-11 21:30:00', '', '0000-00-00 00:00:00', '2022-02-09', 'belum_selesai', 2, 'admin'),
(2021110169, '2021-11-11 21:31:00', '', '0000-00-00 00:00:00', '2022-02-09', 'belum_selesai', 2, 'admin'),
(2021110170, '2021-11-11 21:34:00', '', '0000-00-00 00:00:00', '2022-02-09', 'belum_selesai', 1, 'admin'),
(2021110171, '2021-11-11 21:35:00', '', '0000-00-00 00:00:00', '2022-02-09', 'belum_selesai', 2, 'admin'),
(2021110172, '2021-11-11 21:38:00', '', '0000-00-00 00:00:00', '2022-02-09', 'belum_selesai', 1, 'admin'),
(2021110173, '2021-11-11 21:39:00', '', '0000-00-00 00:00:00', '2022-02-09', 'belum_selesai', 2, 'admin'),
(2021110174, '2021-11-11 21:39:00', '', '0000-00-00 00:00:00', '2022-02-09', 'belum_selesai', 2, 'admin'),
(2021110175, '2021-11-11 21:41:00', '', '0000-00-00 00:00:00', '2022-02-09', 'belum_selesai', 1, 'admin'),
(2021110180, '2021-11-11 21:56:00', '', '0000-00-00 00:00:00', '2022-02-09', 'belum_selesai', 2, 'admin'),
(2021110181, '2021-11-11 21:57:00', '', '0000-00-00 00:00:00', '2022-02-09', 'belum_selesai', 1, 'admin'),
(2021110184, '2021-11-11 22:07:00', '', '0000-00-00 00:00:00', '2022-02-09', 'belum_selesai', 1, 'admin'),
(2021110212, '2021-11-11 22:52:00', '', '0000-00-00 00:00:00', '2022-02-09', 'belum_selesai', 1, 'admin'),
(2021110219, '2021-11-12 00:22:00', '', '0000-00-00 00:00:00', '2022-02-09', 'belum_selesai', 2, 'admin'),
(2021110222, '2021-11-12 07:50:00', '', '0000-00-00 00:00:00', '2022-02-10', 'belum_selesai', 1, 'admin'),
(2021110223, '2021-11-12 07:51:00', '', '0000-00-00 00:00:00', '2022-02-10', 'belum_selesai', 1, 'admin'),
(2021110224, '2021-11-12 07:53:00', '', '0000-00-00 00:00:00', '2022-02-10', 'belum_selesai', 1, 'admin'),
(2021110230, '2021-11-12 09:53:00', '', '0000-00-00 00:00:00', '2022-02-10', 'belum_selesai', 1, 'admin'),
(2021110231, '2021-11-12 09:53:00', '', '0000-00-00 00:00:00', '2022-02-10', 'belum_selesai', 2, 'admin'),
(2021110232, '2021-11-12 09:55:00', '', '0000-00-00 00:00:00', '2022-02-10', 'belum_selesai', 1, 'admin'),
(2021110233, '2021-11-12 10:16:00', '', '0000-00-00 00:00:00', '2022-02-10', 'belum_selesai', 1, 'admin'),
(2021110234, '2021-11-12 10:23:00', '', '0000-00-00 00:00:00', '2022-02-10', 'belum_selesai', 1, 'admin'),
(2021110235, '2021-11-12 10:24:00', 'Voluptatem', '2021-11-12 23:16:00', '2022-02-10', 'belum_selesai', 1, 'admin'),
(2021110236, '2021-11-12 10:24:00', '', '0000-00-00 00:00:00', '2022-02-10', 'belum_selesai', 1, 'admin'),
(2021110237, '2021-11-12 10:34:00', '123', '0000-00-00 00:00:00', '2022-02-10', 'belum_selesai', 1, 'admin'),
(2021110238, '2021-11-12 10:35:00', '', '0000-00-00 00:00:00', '2022-02-10', 'belum_selesai', 1, 'admin'),
(2021110239, '2021-11-12 10:38:00', '', '0000-00-00 00:00:00', '2022-02-10', 'belum_selesai', 1, 'admin'),
(2021110240, '2021-11-12 10:40:00', '', '0000-00-00 00:00:00', '2022-02-10', 'belum_selesai', 1, 'admin'),
(2021110241, '2021-11-12 10:43:00', '', '0000-00-00 00:00:00', '2022-02-10', 'belum_selesai', 2, 'admin'),
(2021110242, '2021-11-12 10:43:00', '', '0000-00-00 00:00:00', '2022-02-10', 'belum_selesai', 1, 'admin'),
(2021110243, '2021-11-12 10:47:00', '', '0000-00-00 00:00:00', '2022-02-10', 'belum_selesai', 2, 'admin'),
(2021110244, '2021-11-12 10:49:00', '', '0000-00-00 00:00:00', '2022-02-10', 'belum_selesai', 1, 'admin'),
(2021110245, '2021-11-12 10:50:00', '', '0000-00-00 00:00:00', '2022-02-10', 'belum_selesai', 1, 'admin'),
(2021110246, '2021-11-12 10:51:00', '', '0000-00-00 00:00:00', '2022-02-10', 'belum_selesai', 1, 'admin'),
(2021110247, '2021-11-12 11:01:00', '', '0000-00-00 00:00:00', '2022-02-10', 'belum_selesai', 1, 'admin'),
(2021110248, '2021-11-12 11:02:00', '', '0000-00-00 00:00:00', '2022-02-10', 'belum_selesai', 1, 'admin'),
(2021110249, '2021-11-12 11:04:00', '', '0000-00-00 00:00:00', '2022-02-10', 'belum_selesai', 1, 'admin'),
(2021110250, '2021-11-12 11:05:00', '', '0000-00-00 00:00:00', '2022-02-10', 'belum_selesai', 2, 'admin'),
(2021110251, '2021-11-12 11:06:00', '', '0000-00-00 00:00:00', '2022-02-10', 'belum_selesai', 1, 'admin'),
(2021110252, '2021-11-12 11:07:00', '', '0000-00-00 00:00:00', '2022-02-10', 'belum_selesai', 1, 'admin'),
(2021110253, '2021-11-12 11:09:00', '', '0000-00-00 00:00:00', '2022-02-10', 'belum_selesai', 1, 'admin'),
(2021110254, '2021-11-12 11:09:00', '', '0000-00-00 00:00:00', '2022-02-10', 'belum_selesai', 1, 'admin'),
(2021110255, '2021-11-12 11:14:00', '', '0000-00-00 00:00:00', '2022-02-10', 'belum_selesai', 1, 'admin'),
(2021110257, '2021-11-12 11:18:00', '', '0000-00-00 00:00:00', '2022-02-10', 'belum_selesai', 1, 'admin'),
(2021110258, '2021-11-12 11:22:00', '123', '2021-11-13 07:33:00', '2022-02-10', 'permanen', 2, 'admin'),
(2021110259, '2021-11-12 11:24:00', '', '0000-00-00 00:00:00', '2022-02-10', 'belum_selesai', 2, 'admin'),
(2021110260, '2021-11-12 11:24:00', '', '0000-00-00 00:00:00', '2022-02-10', 'belum_selesai', 2, 'admin'),
(2021110261, '2021-11-12 11:26:00', '', '0000-00-00 00:00:00', '2022-02-10', 'belum_selesai', 1, 'admin'),
(2021110262, '2021-11-12 11:29:00', '', '0000-00-00 00:00:00', '2022-02-10', 'belum_selesai', 2, 'admin'),
(2021110263, '2021-11-12 11:36:00', '', '0000-00-00 00:00:00', '2022-02-10', 'belum_selesai', 1, 'admin'),
(2021110264, '2021-11-12 11:36:00', '', '0000-00-00 00:00:00', '2022-02-10', 'belum_selesai', 1, 'admin'),
(2021110265, '2021-11-12 11:38:00', '', '0000-00-00 00:00:00', '2022-02-10', 'belum_selesai', 1, 'admin'),
(2021110266, '2021-11-12 11:39:00', '', '0000-00-00 00:00:00', '2022-02-10', 'belum_selesai', 1, 'admin'),
(2021110267, '2021-11-12 11:42:00', '', '0000-00-00 00:00:00', '2022-02-10', 'belum_selesai', 1, 'admin'),
(2021110268, '2021-11-12 11:43:00', '', '0000-00-00 00:00:00', '2022-02-10', 'belum_selesai', 1, 'admin'),
(2021110270, '2021-11-12 11:50:00', '', '0000-00-00 00:00:00', '2022-02-10', 'belum_selesai', 2, 'admin'),
(2021110272, '2021-11-12 11:51:00', '', '0000-00-00 00:00:00', '2022-02-10', 'belum_selesai', 1, 'admin'),
(2021110273, '2021-11-12 12:32:00', '', '0000-00-00 00:00:00', '2022-02-10', 'belum_selesai', 1, 'admin'),
(2021110274, '2021-11-12 12:33:00', 'Voluptatem', '2021-11-22 15:55:00', '2022-02-10', 'permanen', 1, 'admin'),
(2021110275, '2021-11-12 12:42:00', '', '0000-00-00 00:00:00', '2022-02-10', 'belum_selesai', 1, 'admin'),
(2021110276, '2021-11-12 12:54:00', '', '0000-00-00 00:00:00', '2022-02-10', 'belum_selesai', 2, 'admin'),
(2021110277, '2021-11-12 12:56:00', '', '0000-00-00 00:00:00', '2022-02-10', 'belum_selesai', 2, 'admin'),
(2021110280, '2021-11-12 13:12:00', '', '0000-00-00 00:00:00', '2022-02-10', 'belum_selesai', 1, 'admin'),
(2021110281, '2021-11-12 13:16:00', '12345', '2021-11-26 22:54:00', '2022-02-10', 'belum_selesai', 1, 'admin'),
(2021110282, '2021-11-12 13:20:00', '', '0000-00-00 00:00:00', '2022-02-10', 'belum_selesai', 1, 'admin'),
(2021110284, '2021-11-12 13:23:00', '', '0000-00-00 00:00:00', '2022-02-10', 'belum_selesai', 1, 'admin'),
(2021110285, '2021-11-12 13:27:00', '', '0000-00-00 00:00:00', '2022-02-10', 'belum_selesai', 1, 'admin'),
(2021110287, '2021-11-12 13:48:00', '', '0000-00-00 00:00:00', '2022-02-10', 'belum_selesai', 1, 'admin'),
(2021110290, '2021-11-12 13:52:00', '', '0000-00-00 00:00:00', '2022-02-10', 'belum_selesai', 2, 'admin'),
(2021110302, '2021-11-12 15:18:00', '1231', '2021-11-12 23:37:00', '2022-02-10', 'permanen', 1, 'admin'),
(2021110309, '2021-11-12 21:22:00', '', '0000-00-00 00:00:00', '2022-02-10', 'temporer', 1, 'admin'),
(2021110310, '2021-11-12 23:23:00', '123', '0000-00-00 00:00:00', '2022-02-10', 'temporer', 1, 'admin'),
(2021110311, '2021-11-12 23:29:00', '123', '2021-11-13 07:26:00', '2022-02-10', 'permanen', 1, 'admin'),
(2021110313, '2021-11-13 06:23:00', '', '0000-00-00 00:00:00', '2022-02-10', 'belum_selesai', 1, 'admin'),
(2021110314, '2021-11-13 06:25:00', '', '0000-00-00 00:00:00', '2022-02-10', 'belum_selesai', 1, 'admin'),
(2021110316, '2021-11-13 06:41:00', '11115', '2021-11-13 09:42:00', '2022-02-10', 'permanen', 3, 'admin'),
(2021110317, '2021-11-13 06:42:00', '123', '2021-11-13 07:52:00', '2022-02-10', 'permanen', 1, 'admin'),
(2021110318, '2021-11-13 06:43:00', 'Voluptatem', '2021-11-13 07:24:00', '2022-02-10', 'permanen', 1, 'admin'),
(2021110319, '2021-11-13 06:53:00', '123', '2021-11-13 07:50:00', '2022-02-10', 'permanen', 1, 'admin'),
(2021110320, '2021-11-13 06:54:00', '123', '2021-11-13 07:49:00', '2022-02-10', 'permanen', 1, 'admin'),
(2021110321, '2021-11-13 08:00:00', '123', '2021-11-13 08:08:00', '2022-02-11', 'permanen', 1, 'admin'),
(2021110322, '2021-11-13 08:02:00', '123', '2021-11-13 08:03:00', '2022-02-11', 'permanen', 1, 'admin'),
(2021110323, '2021-11-13 15:29:00', '1737362', '2021-11-14 15:31:00', '2022-02-11', 'permanen', 1, 'Admin'),
(2021110324, '2021-11-16 16:09:00', 'Voluptatem', '2021-11-16 16:09:00', '2022-02-14', 'permanen', 2, 'admin'),
(2021110325, '2021-11-23 19:09:00', '', '0000-00-00 00:00:00', '2022-02-21', 'temporer', 1, 'admin'),
(2021110326, '2021-11-23 19:32:00', '', '0000-00-00 00:00:00', '2022-02-21', 'belum_selesai', 1, 'admin'),
(2021110327, '2021-11-23 19:40:00', 'Akus123142', '2021-11-23 19:59:00', '2022-02-21', 'permanen', 1, 'admin'),
(2021110328, '2021-11-25 10:58:00', 'Voluptatem', '2021-11-25 10:58:00', '2022-02-23', 'permanen', 1, 'admin'),
(2021110329, '2021-11-25 17:20:00', 'erragrg', '2021-11-25 17:20:00', '2022-02-23', 'permanen', 1, 'admin'),
(2021110330, '2021-11-25 19:56:00', '', '0000-00-00 00:00:00', '2022-02-23', 'belum_selesai', 2, 'admin');

-- --------------------------------------------------------

--
-- Table structure for table `tb_settings`
--

CREATE TABLE `tb_settings` (
  `id` int(10) NOT NULL,
  `key` varchar(32) NOT NULL,
  `content` varchar(191) NOT NULL
) ENGINE=InnoDB DEFAULT CHARSET=utf8mb4;

--
-- Dumping data for table `tb_settings`
--

INSERT INTO `tb_settings` (`id`, `key`, `content`) VALUES
(1, 'current_theme_name', 'argon'),
(2, 'store_name', 'Grha Nosa Parfum & Accesories'),
(3, 'store_phone_number', '0818400165'),
(4, 'store_email', 'grhanosaparfum@gmail.com'),
(5, 'store_tagline', 'Menjual Segala Jenis Parfum & Aksesoris'),
(6, 'store_logo', 'Logo.png'),
(7, 'max_product_image_size', '20000'),
(8, 'store_description', 'Menjual Segala Jenis Parfum & Aksesoris'),
(9, 'store_address', 'Perum Jl. Nusa Indah Permai No.08 Blok C, Gandum, Karangrejo, Kec. Wonosalam, Kabupaten Demak'),
(13, '', '');

-- --------------------------------------------------------

--
-- Table structure for table `tb_supplier`
--

CREATE TABLE `tb_supplier` (
  `sup_id` int(11) NOT NULL,
  `sup_perusahaan` varchar(80) DEFAULT NULL,
  `sup_alamat` varchar(150) DEFAULT NULL,
  `sup_norek` varchar(20) DEFAULT NULL,
  `sup_bank` varchar(40) DEFAULT NULL,
  `sup_personal` varchar(40) DEFAULT NULL,
  `sup_nohp` varchar(20) DEFAULT NULL,
  `sup_inisial` varchar(5) DEFAULT NULL
) ENGINE=InnoDB DEFAULT CHARSET=utf8mb4;

--
-- Dumping data for table `tb_supplier`
--

INSERT INTO `tb_supplier` (`sup_id`, `sup_perusahaan`, `sup_alamat`, `sup_norek`, `sup_bank`, `sup_personal`, `sup_nohp`, `sup_inisial`) VALUES
(1, 'PT Ikkah Persada Jaya Selalu Makmur Sejahtera', 'Jalan Indrapuri No.87 RT/RW 06/12 Kelurahan Indera Puri Kecamatan Asri Kab/Kota Palembang Provinsi Sumatera Selatan. 127334', 'Ut temporibus mollit', 'Nulla magnam elit voluptatem Debitis ea ', 'Magni et anim pariatur Architecto quasi ', '0746-38567', 'Est i'),
(2, 'Lenovo', 'Corporis sint facilis pariatur Aut voluptatem sit', 'Corrupti optio aut c', 'Similique autem excepturi porro qui veli', 'Quo vitae eos ad odit', 'Aut ad ut reprehende', 'Incid'),
(3, 'Apple', 'Jl. Sesama Kapuas, RT 14/RW 10 Kaur\r\nAsam ayam goreng\r\nIw Jelek banget Jl. Sesama Kapuas, RT 14/RW 10 Kaur Asam ayam gor', '198843240325', 'Bank BCA', 'Si Asu', '081485254566', 'APKE');

--
-- Indexes for dumped tables
--

--
-- Indexes for table `ci_sessions`
--
ALTER TABLE `ci_sessions`
  ADD KEY `ci_sessions_timestamp` (`timestamp`);

--
-- Indexes for table `tb_admin`
--
ALTER TABLE `tb_admin`
  ADD PRIMARY KEY (`adm_id`),
  ADD UNIQUE KEY `adm_nohp` (`adm_nohp`);

--
-- Indexes for table `tb_barang`
--
ALTER TABLE `tb_barang`
  ADD PRIMARY KEY (`brg_id`),
  ADD KEY `brg_idkat` (`brg_idkat`);

--
-- Indexes for table `tb_kasir`
--
ALTER TABLE `tb_kasir`
  ADD PRIMARY KEY (`ksr_id`,`ksr_password`),
  ADD UNIQUE KEY `ksr_nohp` (`ksr_nohp`);

--
-- Indexes for table `tb_kategori`
--
ALTER TABLE `tb_kategori`
  ADD PRIMARY KEY (`kat_id`);

--
-- Indexes for table `tb_nota`
--
ALTER TABLE `tb_nota`
  ADD PRIMARY KEY (`nota_id`),
  ADD KEY `nota_idksr` (`nota_idksr`);

--
-- Indexes for table `tb_pembelian`
--
ALTER TABLE `tb_pembelian`
  ADD PRIMARY KEY (`beli_idpo`,`beli_idbrg`),
  ADD KEY `beli_idbrg` (`beli_idbrg`);

--
-- Indexes for table `tb_penjualan`
--
ALTER TABLE `tb_penjualan`
  ADD PRIMARY KEY (`jual_idnota`,`jual_idbrg`),
  ADD KEY `jual_idbrg` (`jual_idbrg`);

--
-- Indexes for table `tb_po`
--
ALTER TABLE `tb_po`
  ADD PRIMARY KEY (`po_id`),
  ADD KEY `po_idsup` (`po_idsup`),
  ADD KEY `po_idadm` (`po_idadm`);

--
-- Indexes for table `tb_settings`
--
ALTER TABLE `tb_settings`
  ADD PRIMARY KEY (`id`) USING BTREE;

--
-- Indexes for table `tb_supplier`
--
ALTER TABLE `tb_supplier`
  ADD PRIMARY KEY (`sup_id`),
  ADD UNIQUE KEY `sup_norek` (`sup_norek`),
  ADD UNIQUE KEY `sup_nohp` (`sup_nohp`);

--
-- AUTO_INCREMENT for dumped tables
--

--
-- AUTO_INCREMENT for table `tb_kategori`
--
ALTER TABLE `tb_kategori`
  MODIFY `kat_id` int(3) NOT NULL AUTO_INCREMENT, AUTO_INCREMENT=12349;

--
-- AUTO_INCREMENT for table `tb_settings`
--
ALTER TABLE `tb_settings`
  MODIFY `id` int(10) NOT NULL AUTO_INCREMENT, AUTO_INCREMENT=14;

--
-- Constraints for dumped tables
--

--
-- Constraints for table `tb_barang`
--
ALTER TABLE `tb_barang`
  ADD CONSTRAINT `tb_barang_ibfk_2` FOREIGN KEY (`brg_idkat`) REFERENCES `tb_kategori` (`kat_id`);

--
-- Constraints for table `tb_nota`
--
ALTER TABLE `tb_nota`
  ADD CONSTRAINT `tb_nota_ibfk_1` FOREIGN KEY (`nota_idksr`) REFERENCES `tb_kasir` (`ksr_id`);

--
-- Constraints for table `tb_pembelian`
--
ALTER TABLE `tb_pembelian`
  ADD CONSTRAINT `tb_pembelian_ibfk_1` FOREIGN KEY (`beli_idpo`) REFERENCES `tb_po` (`po_id`),
  ADD CONSTRAINT `tb_pembelian_ibfk_2` FOREIGN KEY (`beli_idbrg`) REFERENCES `tb_barang` (`brg_id`);

--
-- Constraints for table `tb_penjualan`
--
ALTER TABLE `tb_penjualan`
  ADD CONSTRAINT `tb_penjualan_ibfk_1` FOREIGN KEY (`jual_idnota`) REFERENCES `tb_nota` (`nota_id`),
  ADD CONSTRAINT `tb_penjualan_ibfk_2` FOREIGN KEY (`jual_idbrg`) REFERENCES `tb_barang` (`brg_id`);

--
-- Constraints for table `tb_po`
--
ALTER TABLE `tb_po`
  ADD CONSTRAINT `tb_po_ibfk_1` FOREIGN KEY (`po_idsup`) REFERENCES `tb_supplier` (`sup_id`),
  ADD CONSTRAINT `tb_po_ibfk_2` FOREIGN KEY (`po_idadm`) REFERENCES `tb_admin` (`adm_id`);
COMMIT;

/*!40101 SET CHARACTER_SET_CLIENT=@OLD_CHARACTER_SET_CLIENT */;
/*!40101 SET CHARACTER_SET_RESULTS=@OLD_CHARACTER_SET_RESULTS */;
/*!40101 SET COLLATION_CONNECTION=@OLD_COLLATION_CONNECTION */;
